player_name,player_id,season,team,poss,mp,raptor_total,war_total,ws,war,wsNorm,warNorm,margin,marginAbs
LeBron James,jamesle01,2012,MIA,1823,983,10.82145302,7.006934064,5.8,7.006934064,0.9838709677419354,1,-0.016129032258064613,0.016129032258064613
Tim Duncan,duncati01,2003,SAS,1958,1021,9.973949792,6.763751709,5.9,6.763751709,1,0.9699775260996115,0.03002247390038848,0.03002247390038848
Dwyane Wade,wadedw01,2006,MIA,1825,959,9.877213489,6.35602625,4.8,6.35602625,0.8225806451612903,0.919641115173122,-0.09706047001183171,0.09706047001183171
Anthony Davis,davisan02,2020,LAL,1564,769,12.48102696,6.189235978,4.5,6.189235978,0.7741935483870968,0.8990497503598373,-0.1248562019727405,0.1248562019727405
Michael Jordan,jordami01,1991,CHI,1279,689,13.89449748,6.014051706,4.8,6.014051706,0.8225806451612903,0.8774220905985911,-0.05484144543730085,0.05484144543730085
Kawhi Leonard,leonaka01,2019,TOR,1886,939,9.407872748,5.991455926,4.9,5.991455926,0.8387096774193549,0.8746324917590333,-0.03592281433967848,0.03592281433967848
Kobe Bryant,bryanko01,2009,LAL,1805,940,9.082265715,5.828915882,4.7,5.828915882,0.8064516129032258,0.854565845769204,-0.04811423286597827,0.04811423286597827
LeBron James,jamesle01,2013,MIA,1766,960,8.77965911,5.787451547,5.2,5.787451547,0.8870967741935484,0.8494467987259492,0.037649975467599184,0.037649975467599184
Michael Jordan,jordami01,1993,CHI,1460,783,11.14886402,5.72186207,4.4,5.72186207,0.7580645161290323,0.8413493429653426,-0.08328482683631033,0.08328482683631033
LeBron James,jamesle01,2016,CLE,1563,822,10.55492037,5.687281113,4.7,5.687281113,0.8064516129032258,0.8370800945694918,-0.030628481666266083,0.030628481666266083
Larry Bird,birdla01,1984,BOS,1985,961,8.484059353,5.653886759,4.7,5.653886759,0.8064516129032258,0.8329573401805669,-0.02650572727734113,0.02650572727734113
Michael Jordan,jordami01,1992,CHI,1725,920,8.379644672,5.37574127,4.1,5.37574127,0.7096774193548386,0.798618435600038,-0.08894101624519934,0.08894101624519934
Draymond Green,greendr01,2015,GSW,1582,784,9.942299691,5.350467196,2.6,5.350467196,0.46774193548387094,0.7954981836104499,-0.32775624812657894,0.32775624812657894
Manu Ginobili,ginobma01,2005,SAS,1420,772,10.1232293,5.240465879,4.2,5.240465879,0.7258064516129032,0.7819177917738758,-0.05611134016097252,0.05611134016097252
LeBron James,jamesle01,2020,LAL,1561,762,10.2577549,5.231371565,4.3,5.231371565,0.7419354838709676,0.7807950384198877,-0.038859554548920094,0.038859554548920094
Stephen Curry,curryst01,2015,GSW,1668,826,8.739052117,5.175087958,3.9,5.175087958,0.6774193548387097,0.773846454003978,-0.09642709916526826,0.09642709916526826
Larry Bird,birdla01,1986,BOS,1597,770,9.948864211,5.122411909,4.2,5.122411909,0.7258064516129032,0.7673432465394476,-0.041536794926544385,0.041536794926544385
Stephen Curry,curryst01,2017,GSW,1287,601,12.57909011,5.033692354,3.4,5.033692354,0.596774193548387,0.7563902293090585,-0.15961603576067152,0.15961603576067152
Kevin Garnett,garneke01,2008,BOS,1787,987,6.900238436,4.977128141,4.1,4.977128141,0.7096774193548386,0.7494070022221733,-0.039729582867334634,0.039729582867334634
Kobe Bryant,bryanko01,2010,LAL,1743,923,7.464904451,4.962422364,3.6,4.962422364,0.6290322580645161,0.7475914765596826,-0.11855921849516649,0.11855921849516649
Magic Johnson,johnsma02,1988,LAL,1881,965,7.070155233,4.947214958,4,4.947214958,0.6935483870967741,0.745714021471596,-0.05216563437482191,0.05216563437482191
Hakeem Olajuwon,olajuha01,1994,HOU,1874,989,6.798213032,4.934988601,4.3,4.934988601,0.7419354838709676,0.744204596645402,-0.002269112774434312,0.002269112774434312
Scottie Pippen,pippesc01,1996,CHI,1357,742,9.589114791,4.817561147,3,4.817561147,0.532258064516129,0.7297073989646572,-0.1974493344485282,0.1974493344485282
Ben Wallace,wallabe01,2004,DET,1676,924,7.1995338,4.797075334,3.6,4.797075334,0.6290322580645161,0.7271782895392601,-0.09814603147474399,0.09814603147474399
Scottie Pippen,pippesc01,1992,CHI,1686,899,7.182101954,4.687542431,3.1,4.687542431,0.5483870967741935,0.7136557265163331,-0.16526862974213963,0.16526862974213963
Michael Jordan,jordami01,1998,CHI,1545,872,7.497148227,4.670063067,4.8,4.670063067,0.8225806451612903,0.7114977831512178,0.11108286201007245,0.11108286201007245
Draymond Green,greendr01,2018,GSW,1662,819,8.012252792,4.662798547,2.8,4.662798547,0.49999999999999994,0.7106009299971358,-0.2106009299971358,0.2106009299971358
Kevin Durant,duranke01,2018,GSW,1652,807,8.032117348,4.598082668,4,4.598082668,0.6935483870967741,0.7026113257011406,-0.009062938604366466,0.009062938604366466
Scottie Pippen,pippesc01,1998,CHI,1482,836,7.630554717,4.577468423,2.9,4.577468423,0.5161290322580645,0.7000663604939046,-0.18393732823584008,0.18393732823584008
Michael Jordan,jordami01,1997,CHI,1449,804,7.934458351,4.502754758,3.9,4.502754758,0.6774193548387097,0.6908424632359605,-0.013423108397250805,0.013423108397250805
Michael Jordan,jordami01,1996,CHI,1341,733,8.978222415,4.502518582,4.7,4.502518582,0.8064516129032258,0.6908133057430336,0.11563830716019219,0.11563830716019219
Kyle Lowry,lowryky01,2019,TOR,1802,901,6.60520454,4.440982163,2.8,4.440982163,0.49999999999999994,0.6832162268622451,-0.1832162268622452,0.1832162268622452
Magic Johnson,johnsma02,1987,LAL,1410,666,10.0330702,4.439352225,3.7,4.439352225,0.6451612903225806,0.6830150002104832,-0.0378537098879026,0.0378537098879026
Shaquille O'Neal,onealsh01,2000,LAL,1903,1000,5.688067611,4.408573651,4.7,4.408573651,0.8064516129032258,0.6792151812038526,0.12723643169937315,0.12723643169937315
Clyde Drexler,drexlcl01,1995,HOU,1646,849,6.888759012,4.29838494,3,4.29838494,0.532258064516129,0.6656116543356513,-0.13335358981952228,0.13335358981952228
Shaquille O'Neal,onealsh01,2001,LAL,1311,676,8.956094132,4.144097413,3.7,4.144097413,0.6451612903225806,0.6465638362794728,-0.0014025459568921539,0.0014025459568921539
Isiah Thomas,thomais01,1990,DET,1473,758,7.525752767,4.099660675,3.1,4.099660675,0.5483870967741935,0.6410778263803443,-0.09269072960615077,0.09269072960615077
Dirk Nowitzki,nowitdi01,2011,DAL,1507,826,6.643440717,4.053073399,3.6,4.053073399,0.6290322580645161,0.6353263183081397,-0.006294060243623556,0.006294060243623556
Dwyane Wade,wadedw01,2012,MIA,1682,907,5.739027952,4.046754924,3.1,4.046754924,0.5483870967741935,0.6345462606811061,-0.08615916390691258,0.08615916390691258
Kobe Bryant,bryanko01,2001,LAL,1345,694,8.326751837,4.034003479,3.8,4.034003479,0.6612903225806451,0.632972010260245,0.028318312320400163,0.028318312320400163
Scottie Pippen,pippesc01,1991,CHI,1307,704,8.134776935,4.032751608,2.9,4.032751608,0.5161290322580645,0.6328174584860253,-0.11668842622796083,0.11668842622796083
Tim Duncan,duncati01,2005,SAS,1599,869,6.154425645,4.031865543,3.5,4.031865543,0.6129032258064515,0.632708067887614,-0.01980484208116251,0.01980484208116251
Magic Johnson,johnsma02,1980,LAL,1417,658,8.757899623,3.970824335,2.8,3.970824335,0.49999999999999994,0.6251721260877733,-0.12517212608777334,0.12517212608777334
Draymond Green,greendr01,2017,GSW,1265,593,9.653808607,3.93782773,2.4,3.93782773,0.4354838709677419,0.6210984764497725,-0.18561460548203057,0.18561460548203057
Pau Gasol,gasolpa01,2009,LAL,1787,931,5.329824551,3.920505577,4.3,3.920505577,0.7419354838709676,0.6189599418248363,0.12297554204613137,0.12297554204613137
Shaquille O'Neal,onealsh01,2002,LAL,1496,776,6.727834169,3.842994334,3.8,3.842994334,0.6612903225806451,0.6093906650162694,0.051899657564375756,0.051899657564375756
Larry Bird,birdla01,1981,BOS,1514,750,7.031702397,3.842712224,3.1,3.842712224,0.5483870967741935,0.6093558366665232,-0.06096873989232965,0.06096873989232965
Magic Johnson,johnsma02,1985,LAL,1564,687,7.730272445,3.760392489,3,3.760392489,0.532258064516129,0.5991929196426938,-0.06693485512656483,0.06693485512656483
Paul Pierce,piercpa01,2008,BOS,1792,990,4.322652221,3.700201224,3,3.700201224,0.532258064516129,0.5917619089408941,-0.059503844424765084,0.059503844424765084
Magic Johnson,johnsma02,1982,LAL,1221,562,9.681527344,3.662635358,2.7,3.662635358,0.48387096774193544,0.587124153740561,-0.1032531859986256,0.1032531859986256
Horace Grant,grantho01,1992,CHI,1605,856,5.438113275,3.659232007,3.3,3.659232007,0.5806451612903225,0.5867039874971205,-0.006058826206797985,0.006058826206797985
Tim Duncan,duncati01,2007,SAS,1379,736,6.655153989,3.608662839,3.3,3.608662839,0.5806451612903225,0.5804608884595922,0.0001842728307303032,0.0001842728307303032
Lamar Odom,odomla01,2009,LAL,1411,735,6.605052893,3.600700693,2.6,3.600700693,0.46774193548387094,0.5794779087509037,-0.11173597326703272,0.11173597326703272
Kawhi Leonard,leonaka01,2014,SAS,1445,736,6.243446518,3.489715688,2.9,3.489715688,0.5161290322580645,0.5657760741093771,-0.049647041851312634,0.049647041851312634
Chauncey Billups,billuch01,2004,DET,1598,881,4.794381963,3.488638982,3.7,3.488638982,0.6451612903225806,0.5656431476156626,0.07951814270691804,0.07951814270691804
Robert Horry,horryro01,1994,HOU,1474,778,5.74561419,3.473169559,2.5,3.473169559,0.4516129032258064,0.5637333447918863,-0.11212044156607992,0.11212044156607992
David Robinson,robinda01,1999,SAS,1080,600,8.221669975,3.453401972,3,3.453401972,0.532258064516129,0.5612929051276634,-0.029034840611534385,0.029034840611534385
Hakeem Olajuwon,olajuha01,1995,HOU,1801,929,4.336039822,3.450414185,2.8,3.450414185,0.49999999999999994,0.5609240430150013,-0.06092404301500137,0.06092404301500137
Manu Ginobili,ginobma01,2014,SAS,1182,586,7.86507995,3.364603608,2.2,3.364603608,0.4032258064516129,0.5503301584037605,-0.14710435195214766,0.14710435195214766
James Worthy,worthja01,1988,LAL,1746,896,4.371631705,3.343882568,2.8,3.343882568,0.49999999999999994,0.5477720086457779,-0.047772008645777964,0.047772008645777964
Elvin Hayes,hayesel01,1978,WSB,1877,868,4.553137187,3.327881619,3.1,3.327881619,0.5483870967741935,0.5457965854135538,0.0025905113606397023,0.0025905113606397023
Robert Horry,horryro01,1995,HOU,1630,841,4.725932677,3.294991154,2.5,3.294991154,0.4516129032258064,0.5417360394622075,-0.09012313623640111,0.09012313623640111
Manu Ginobili,ginobma01,2007,SAS,1128,602,7.519954535,3.273597829,2.6,3.273597829,0.46774193548387094,0.5390948916640663,-0.07135295618019538,0.07135295618019538
Danny Ainge,aingeda01,1986,BOS,1352,652,6.677187796,3.236339137,2.7,3.236339137,0.48387096774193544,0.534495059130441,-0.0506240913885056,0.0506240913885056
Bill Laimbeer,laimbbi01,1990,DET,1296,667,6.396418788,3.215211408,2.6,3.215211408,0.46774193548387094,0.5318867009192666,-0.06414476543539566,0.06414476543539566
Bill Walton,waltobi01,1977,POR,1707,755,5.327994301,3.196556398,2.5,3.196556398,0.4516129032258064,0.5295836162615146,-0.07797071303570824,0.07797071303570824
Scottie Pippen,pippesc01,1997,CHI,1357,753,5.253197688,3.168078523,2.3,3.168078523,0.4193548387096773,0.5260678337989012,-0.10671299508922388,0.10671299508922388
Kobe Bryant,bryanko01,2000,LAL,1631,857,4.245710408,3.159313911,2.1,3.159313911,0.3870967741935484,0.5249857843425703,-0.13788901014902188,0.13788901014902188
Manu Ginobili,ginobma01,2003,SAS,1266,660,6.309505457,3.154258451,2.1,3.154258451,0.3870967741935484,0.5243616542904352,-0.13726488009688687,0.13726488009688687
Moses Malone,malonmo01,1983,PHI,1073,524,8.658004136,3.131488489,2.8,3.131488489,0.49999999999999994,0.5215505515282391,-0.021550551528239204,0.021550551528239204
Tim Duncan,duncati01,1999,SAS,1319,733,5.400364349,3.106822599,3.7,3.106822599,0.6451612903225806,0.5185053838854025,0.12665590643717817,0.12665590643717817
Ray Allen,allenra02,2008,BOS,1787,987,3.192198875,3.076452756,3.1,3.076452756,0.5483870967741935,0.5147560254304011,0.033631071343792396,0.033631071343792396
Stephen Curry,curryst01,2018,GSW,1143,555,7.652600414,3.073945003,2.1,3.073945003,0.3870967741935484,0.5144464266974209,-0.12734965250387253,0.12734965250387253
Jason Kidd,kiddja01,2011,DAL,1358,744,5.108282977,3.071050707,1.9,3.071050707,0.3548387096774193,0.5140891066685067,-0.1592503969910874,0.1592503969910874
Kareem Abdul-Jabbar,abdulka01,1980,LAL,1331,618,6.754214532,3.070190486,3.3,3.070190486,0.5806451612903225,0.513982906683228,0.06666225460709452,0.06666225460709452
Jason Terry,terryja01,2011,DAL,1248,684,5.67107703,3.026060149,2.6,3.026060149,0.46774193548387094,0.5085347240188326,-0.040792788534961655,0.040792788534961655
Kevin Durant,duranke01,2017,GSW,1124,533,7.914537,3.025926871,3.1,3.025926871,0.5483870967741935,0.508518269966167,0.0398688268080265,0.0398688268080265
James Worthy,worthja01,1987,LAL,1442,681,5.640520797,2.991892453,2.7,2.991892453,0.48387096774193544,0.5043164954331426,-0.020445527691207166,0.020445527691207166
Rasheed Wallace,wallara01,2004,DET,1457,803,4.299233171,2.976853179,2.3,2.976853179,0.4193548387096773,0.502459797355086,-0.08310495864540862,0.08310495864540862
Pau Gasol,gasolpa01,2010,LAL,1724,913,3.499490942,2.960698678,4.3,2.960698678,0.7419354838709676,0.5004654171104901,0.24147006676047755,0.24147006676047755
Rajon Rondo,rondora01,2008,BOS,1504,831,4.02801185,2.958828215,2.1,2.958828215,0.3870967741935484,0.5002344960529193,-0.11313772185937088,0.11313772185937088
Kevin Love,loveke01,2016,CLE,1164,613,6.420580405,2.950939723,2,2.950939723,0.3709677419354838,0.4992606094188194,-0.12829286748333557,0.12829286748333557
Bob Gross,grossbo01,1977,POR,1318,583,6.634245961,2.885261284,2.5,2.885261284,0.4516129032258064,0.4911521707095398,-0.03953926748373343,0.03953926748373343
Robert Horry,horryro01,2002,LAL,1355,703,4.9787406,2.855800546,2.2,2.855800546,0.4032258064516129,0.4875150472936935,-0.08428924084208061,0.08428924084208061
Tayshaun Prince,princta01,2004,DET,1442,795,4.029359034,2.821402459,2.8,2.821402459,0.49999999999999994,0.483268375411678,0.016731624588321947,0.016731624588321947
Kobe Bryant,bryanko01,2002,LAL,1606,833,3.653193974,2.799442976,2.6,2.799442976,0.46774193548387094,0.48055733165509656,-0.012815396171225624,0.012815396171225624
Toni Kukoc,kukocto01,1998,CHI,1129,637,5.524781946,2.775843082,2.4,2.775843082,0.4354838709677419,0.4776437682854724,-0.04215989731773051,0.04215989731773051
Isiah Thomas,thomais01,1989,DET,1186,633,5.481345649,2.732180074,1.8,2.732180074,0.33870967741935487,0.4722532804842811,-0.13354360306492624,0.13354360306492624
Robert Horry,horryro01,2005,SAS,1137,618,5.681100424,2.72876738,2.6,2.72876738,0.46774193548387094,0.4718319607855513,-0.0040900253016803445,0.0040900253016803445
Metta World Peace,artesro01,2010,LAL,1584,839,3.365579463,2.70907408,1.1,2.70907408,0.22580645161290325,0.4694006923439634,-0.24359424073106017,0.24359424073106017
Kareem Abdul-Jabbar,abdulka01,1985,LAL,1388,610,5.41420512,2.612299812,2.5,2.612299812,0.4516129032258064,0.4574532673950636,-0.005840364169257206,0.005840364169257206
Danny Green,greenda02,2014,SAS,1044,529,6.434790483,2.579386518,1.9,2.579386518,0.3548387096774193,0.45338990305232246,-0.09855119337490315,0.09855119337490315
Scottie Pippen,pippesc01,1993,CHI,1471,789,3.398013309,2.560310305,1.4,2.560310305,0.27419354838709675,0.4510348180918583,-0.17684126970476155,0.17684126970476155
Tim Duncan,duncati01,2014,SAS,1463,752,3.756800663,2.535803229,3.2,2.535803229,0.564516129032258,0.44800925709017775,0.11650687194208026,0.11650687194208026
Horace Grant,grantho01,1993,CHI,1214,651,4.675128677,2.530910138,2.4,2.530910138,0.4354838709677419,0.44740517256751683,-0.011921301599774947,0.011921301599774947
Byron Scott,scottby01,1988,LAL,1748,897,2.551531116,2.50121848,2.3,2.50121848,0.4193548387096773,0.4437395405467879,-0.024384701837110556,0.024384701837110556
Gus Williams,willigu01,1979,SEA,1299,619,4.917984805,2.49328617,2.7,2.49328617,0.48387096774193544,0.442760244290097,0.041110723451838416,0.041110723451838416
Bruce Bowen,bowenbr01,2007,SAS,1291,689,4.123735299,2.4902031,1.2,2.4902031,0.24193548387096772,0.442379618859407,-0.2004441349884393,0.2004441349884393
Kevin McHale,mchalke01,1986,BOS,1483,715,3.871571088,2.478334409,3.2,2.478334409,0.564516129032258,0.44091435027205705,0.12360177876020095,0.12360177876020095
Ron Harper,harpero01,1997,CHI,928,515,6.301315423,2.449361134,2,2.449361134,0.3709677419354838,0.43733740739519306,-0.06636966545970924,0.06636966545970924
Cedric Maxwell,maxwece01,1981,BOS,1207,598,5.056106849,2.442138723,2.5,2.442138723,0.4516129032258064,0.43644575287632226,0.015167150349484126,0.015167150349484126
Tristan Thompson,thomptr01,2016,CLE,1194,622,4.713970419,2.434326862,2,2.434326862,0.3709677419354838,0.4354813268471971,-0.06451358491171327,0.06451358491171327
Wes Unseld,unselwe01,1978,WSB,1464,677,4.018953589,2.40034243,2,2.40034243,0.3709677419354838,0.4312857234172544,-0.06031798148177059,0.06031798148177059
Richard Hamilton,hamilri01,2004,DET,1676,924,2.164257806,2.381564826,3.5,2.381564826,0.6129032258064515,0.4289675037174665,0.183935722088985,0.183935722088985
Tyson Chandler,chandty01,2011,DAL,1241,680,3.919477727,2.376640434,2.7,2.376640434,0.48387096774193544,0.4283595548788458,0.05551141286308964,0.05551141286308964
James Worthy,worthja01,1985,LAL,1425,626,4.452200093,2.364494121,2.6,2.364494121,0.46774193548387094,0.42686001201510293,0.04088192346876801,0.04088192346876801
Maurice Lucas,lucasma01,1977,POR,1653,731,3.367935701,2.353712757,2.6,2.353712757,0.46774193548387094,0.4255289811543293,0.04221295432954164,0.04221295432954164
Dwyane Wade,wadedw01,2013,MIA,1439,782,3.009979092,2.352967393,1.8,2.352967393,0.33870967741935487,0.42543696102714423,-0.08672728360778936,0.08672728360778936
Dennis Johnson,johnsde01,1979,SEA,1429,681,3.808970364,2.34650017,2.2,2.34650017,0.4032258064516129,0.42463853947338676,-0.021412733021773878,0.021412733021773878
JR Smith,smithjr01,2016,CLE,1404,730,3.262255241,2.302739541,2.1,2.302739541,0.3870967741935484,0.41923599971256775,-0.032139225519019377,0.032139225519019377
Tiago Splitter,splitti01,2014,SAS,1026,516,5.457287871,2.243034377,2.6,2.243034377,0.46774193548387094,0.41186500140182103,0.05587693408204991,0.05587693408204991
Derek Fisher,fishede01,2001,LAL,1117,576,4.609612238,2.224445119,2.5,2.224445119,0.4516129032258064,0.40957003426437144,0.04204286896143494,0.04204286896143494
Mario Chalmers,chalmma01,2012,MIA,1519,819,2.367446405,2.211656099,2.1,2.211656099,0.3870967741935484,0.4079911449606572,-0.020894370767108816,0.020894370767108816
David Robinson,robinda01,2003,SAS,1034,539,4.937127206,2.175434595,2.3,2.175434595,0.4193548387096773,0.4035193601616621,0.015835478548015203,0.015835478548015203
Rick Fox,foxri01,2001,LAL,1111,573,4.39103606,2.166164102,1.6,2.166164102,0.3064516129032258,0.4023748563421468,-0.095923243438921,0.095923243438921
Michael Cooper,coopemi01,1987,LAL,1105,522,4.874527412,2.092003575,1.8,2.092003575,0.33870967741935487,0.3932192476373271,-0.0545095702179722,0.0545095702179722
Joe Dumars,dumarjo01,1989,DET,1161,620,3.628270717,2.066159109,2.1,2.066159109,0.3870967741935484,0.39002857697392934,-0.0029318027803809654,0.0029318027803809654
Byron Scott,scottby01,1985,LAL,1331,585,3.958550418,2.063666722,1.7,2.063666722,0.3225806451612903,0.38972087527551796,-0.06714023011422765,0.06714023011422765
Horace Grant,grantho01,1991,CHI,1236,666,3.082368478,2.027979092,2.6,2.027979092,0.46774193548387094,0.3853150007611367,0.08242693472273427,0.08242693472273427
Bob Dandridge,dandrbo01,1978,WSB,1613,746,2.40012211,2.025107759,1.9,2.025107759,0.3548387096774193,0.38496051566680567,-0.030121805989386352,0.030121805989386352
Bruce Bowen,bowenbr01,2003,SAS,1438,750,2.395886455,2.022454283,1.6,2.022454283,0.3064516129032258,0.38463292646340597,-0.07818131356018015,0.07818131356018015
Pascal Siakam,siakapa01,2019,TOR,1794,891,1.586804975,2.017760299,2.4,2.017760299,0.4354838709677419,0.38405342301987344,0.05143044794786844,0.05143044794786844
James Posey,poseyja01,2006,MIA,1155,607,3.514247188,2.008222357,2.1,2.008222357,0.3870967741935484,0.38287590084825696,0.0042208733452914204,0.0042208733452914204
Joe Dumars,dumarjo01,1990,DET,1465,754,2.269298913,1.980314387,2.1,1.980314387,0.3870967741935484,0.37943047693607457,0.007666297257473809,0.007666297257473809
Lamar Odom,odomla01,2010,LAL,1259,667,2.85454214,1.970460185,1.7,1.970460185,0.3225806451612903,0.37821391037081464,-0.05563326520952433,0.05563326520952433
Kyrie Irving,irvinky01,2016,CLE,1493,774,2.044568207,1.961873799,3.4,1.961873799,0.596774193548387,0.37715386409573165,0.21962032945265536,0.21962032945265536
Trevor Ariza,arizatr01,2009,LAL,1386,722,2.355663805,1.945937525,2.2,1.945937525,0.4032258064516129,0.3751864254210201,0.02803938103059278,0.02803938103059278
Maurice Cheeks,cheekma01,1983,PHI,989,483,4.737854774,1.896670837,1.6,1.896670837,0.3064516129032258,0.3691041261742734,-0.0626525132710476,0.0626525132710476
Danny Green,greenda02,2020,LAL,1050,525,4.135764971,1.882275854,0.8,1.882275854,0.1774193548387097,0.3673269700914891,-0.18990761525277944,0.18990761525277944
Ron Harper,harpero01,1996,CHI,904,494,4.474116714,1.87573928,1.8,1.87573928,0.33870967741935487,0.36651998669701974,-0.02781030927766487,0.02781030927766487
Patty Mills,millspa02,2014,SAS,715,351,7.242082453,1.856696317,1.1,1.856696317,0.22580645161290325,0.3641690066694863,-0.13836255505658307,0.13836255505658307
Marc Gasol,gasolma01,2019,TOR,1474,735,2.06314939,1.851560786,2.3,1.851560786,0.4193548387096773,0.3635349913215712,0.055819847388106136,0.055819847388106136
Robert Parish,parisro01,1984,BOS,1795,869,1.252665012,1.82799393,1.9,1.82799393,0.3548387096774193,0.3606255067120722,-0.005786797034652902,0.005786797034652902
Klay Thompson,thompkl01,2015,GSW,1509,761,1.76736291,1.802079912,1.9,1.802079912,0.3548387096774193,0.35742624939318,-0.0025875397157607005,0.0025875397157607005
Boris Diaw,diawbo01,2014,SAS,1203,604,2.805240406,1.780008139,2,1.780008139,0.3709677419354838,0.35470134269167275,0.01626639924381107,0.01626639924381107
Andre Iguodala,iguodan01,2015,GSW,1269,635,2.593498814,1.772718042,2.2,1.772718042,0.4032258064516129,0.35380133188737817,0.04942447456423471,0.04942447456423471
Dennis Johnson,johnsde01,1986,BOS,1483,715,1.891280559,1.746254572,1.5,1.746254572,0.2903225806451613,0.35053424107649794,-0.06021166043133663,0.06021166043133663
Gerald Henderson,hendege01,1984,BOS,1272,616,2.532539319,1.720859281,1.5,1.720859281,0.2903225806451613,0.3473990240446526,-0.057076443399491306,0.057076443399491306
Robert Parish,parisro01,1981,BOS,993,492,3.845643557,1.715730075,1.4,1.715730075,0.27419354838709675,0.346765789559919,-0.07257224117282224,0.07257224117282224
Cedric Maxwell,maxwece01,1984,BOS,1553,752,1.546256847,1.697761271,2,1.697761271,0.3709677419354838,0.34454742158206475,0.02642032035341907,0.02642032035341907
John Salley,sallejo01,1990,DET,1063,547,3.132122549,1.690951903,2.1,1.690951903,0.3870967741935484,0.3437067599598095,0.043390014233738894,0.043390014233738894
Jack Sikma,sikmaja01,1979,SEA,1375,655,2.116609444,1.675786889,1.8,1.675786889,0.33870967741935487,0.34183453844516043,-0.0031248610258055587,0.0031248610258055587
Kenny Smith,smithke01,1994,HOU,1319,696,1.849911581,1.675747835,1.7,1.675747835,0.3225806451612903,0.34182971696995224,-0.01924907180866192,0.01924907180866192
Michael Cooper,coopemi01,1985,LAL,1140,501,3.547918692,1.657619988,1.7,1.657619988,0.3225806451612903,0.3395917140793735,-0.017011068918083183,0.017011068918083183
B.J. Armstrong,armstbj01,1993,CHI,1199,643,2.094742514,1.63440583,1.8,1.63440583,0.33870967741935487,0.3367257723761833,0.0019839050431715854,0.0019839050431715854
Shane Battier,battish01,2012,MIA,1424,768,1.283286935,1.634003391,1.5,1.634003391,0.2903225806451613,0.33667608861366694,-0.046353507968505625,0.046353507968505625
Norm Nixon,nixonno01,1980,LAL,1396,648,2.03539698,1.631474628,1.5,1.631474628,0.2903225806451613,0.3363638960569012,-0.04604131541173989,0.04604131541173989
Jamaal Wilkes,wilkeja01,1980,LAL,1404,652,2.020865382,1.629516454,1.7,1.629516454,0.3225806451612903,0.336122146494901,-0.013541501333610706,0.013541501333610706
Sean Elliott,elliose01,1999,SAS,1033,574,2.651690684,1.627105173,1.9,1.627105173,0.3548387096774193,0.3358244578698813,0.01901425180753802,0.01901425180753802
Robert Horry,horryro01,2000,LAL,1176,618,2.217754262,1.62676949,1.2,1.62676949,0.24193548387096772,0.33578301557812334,-0.09384753170715562,0.09384753170715562
Rick Fox,foxri01,2002,LAL,1257,652,1.945975224,1.614875724,1.3,1.614875724,0.25806451612903225,0.3343146513157889,-0.07625013518675666,0.07625013518675666
Bill Laimbeer,laimbbi01,1989,DET,931,497,3.407325306,1.613002437,1.6,1.613002437,0.3064516129032258,0.33408338161669643,-0.027631768713470617,0.027631768713470617
James Posey,poseyja01,2008,BOS,1037,573,2.539654649,1.604754983,2.2,1.604754983,0.4032258064516129,0.3330651787439607,0.07016062770765219,0.07016062770765219
Lonnie Shelton,sheltlo01,1979,SEA,1188,566,2.623321769,1.602913262,1.6,1.602913262,0.3064516129032258,0.3328378060768348,-0.026386193173608963,0.026386193173608963
Shaquille O'Neal,onealsh01,2006,MIA,1444,759,1.2243094,1.59505875,1.6,1.59505875,0.3064516129032258,0.3318681144990051,-0.025416501595779295,0.025416501595779295
Dennis Rodman,rodmade01,1996,CHI,1134,620,2.155490605,1.592829004,1.9,1.592829004,0.3548387096774193,0.33159283757322033,0.023245872104198984,0.023245872104198984
Kendrick Perkins,perkike01,2008,BOS,1142,631,1.998439217,1.58194423,1.9,1.58194423,0.3548387096774193,0.3302490400623909,0.024589669615028398,0.024589669615028398
Sam Cassell,cassesa01,1995,HOU,940,485,3.330678061,1.561103136,1.4,1.561103136,0.27419354838709675,0.3276760688422112,-0.053482520455114424,0.053482520455114424
Tom Henderson,hendeto01,1978,WSB,1291,597,2.233950902,1.55858505,1.5,1.55858505,0.2903225806451613,0.3273651944318785,-0.03704261378671719,0.03704261378671719
Otis Thorpe,thorpot01,1994,HOU,1618,854,0.716340545,1.552002153,2.4,1.552002153,0.4354838709677419,0.32655249215596116,0.10893137881178072,0.10893137881178072
Chris Andersen,anderch01,2013,MIA,557,303,6.88540766,1.542953347,1.9,1.542953347,0.3548387096774193,0.3254353570662682,0.029403352611151123,0.029403352611151123
Kareem Abdul-Jabbar,abdulka01,1987,LAL,1184,559,2.482471315,1.53284852,2,1.53284852,0.3709677419354838,0.32418784918324167,0.04677989275224215,0.04677989275224215
Mario Elie,eliema01,1995,HOU,1231,635,1.82370493,1.524013483,1.5,1.524013483,0.2903225806451613,0.3230971052937787,-0.03277452464861741,0.03277452464861741
Avery Johnson,johnsav01,1999,SAS,1175,653,1.731656853,1.523805316,1.5,1.523805316,0.2903225806451613,0.3230714056975871,-0.03274882505242577,0.03274882505242577
Toni Kukoc,kukocto01,1996,CHI,803,439,3.809208074,1.521902649,1.3,1.521902649,0.25806451612903225,0.3228365088427202,-0.06477199271368794,0.06477199271368794
Norm Nixon,nixonno01,1982,LAL,1193,549,2.504407149,1.512691296,1.5,1.512691296,0.2903225806451613,0.32169930624827303,-0.03137672560311172,0.03137672560311172
Chris Bosh,boshch01,2013,MIA,1382,751,1.066108947,1.502169816,2.2,1.502169816,0.4032258064516129,0.32040035979019854,0.08282544666141434,0.08282544666141434
Ron Harper,harpero01,2000,LAL,1224,643,1.686613031,1.501308016,1.1,1.501308016,0.22580645161290325,0.32029396486690176,-0.09448751325399851,0.09448751325399851
Channing Frye,fryech01,2016,CLE,461,237,9.141471027,1.492608687,1.2,1.492608687,0.24193548387096772,0.319219975029714,-0.07728449115874628,0.07728449115874628
Andre Iguodala,iguodan01,2018,GSW,844,401,4.240430874,1.485880784,1.4,1.485880784,0.27419354838709675,0.3183893708017804,-0.04419582241468367,0.04419582241468367
Mario Elie,eliema01,1999,SAS,947,526,2.493776396,1.450414307,1.3,1.450414307,0.25806451612903225,0.3140107990913813,-0.05594628296234905,0.05594628296234905
John Salley,sallejo01,1989,DET,734,392,4.257533956,1.449334145,1.7,1.449334145,0.3225806451612903,0.31387744593155525,0.008703199229735059,0.008703199229735059
Michael Cooper,coopemi01,1982,LAL,832,383,4.338602861,1.432070103,1.2,1.432070103,0.24193548387096772,0.3117460854948155,-0.06981060162384775,0.06981060162384775
Robert Horry,horryro01,2001,LAL,741,382,4.319424285,1.431117668,1.2,1.431117668,0.24193548387096772,0.3116285010799046,-0.06969301720893686,0.06969301720893686
Kenny Smith,smithke01,1995,HOU,1264,652,1.370235443,1.405083935,1.4,1.405083935,0.27419354838709675,0.30841446415061263,-0.03422091576351588,0.03422091576351588
Ron Harper,harpero01,1998,CHI,998,563,1.986141461,1.39603887,1.5,1.39603887,0.2903225806451613,0.3072977909121706,-0.016975210267009266,0.016975210267009266
Danny Green,greenda02,2019,TOR,1391,684,1.088798565,1.392869386,0.8,1.392869386,0.1774193548387097,0.3069064971002997,-0.12948714226159003,0.12948714226159003
Byron Scott,scottby01,1987,LAL,1288,608,1.576025362,1.385017107,1.5,1.385017107,0.2903225806451613,0.30593708120112356,-0.015614500555962252,0.015614500555962252
Antoine Walker,walkean02,2006,MIA,1640,862,0.255208675,1.369949648,1.2,1.369949648,0.24193548387096772,0.3040769034979647,-0.06214141962699696,0.06214141962699696
Toni Kukoc,kukocto01,1997,CHI,762,423,3.328159853,1.35016012,1.3,1.35016012,0.25806451612903225,0.30163375507183404,-0.04356923894280179,0.04356923894280179
Mario Chalmers,chalmma01,2013,MIA,1196,650,1.166703071,1.347508687,1,1.347508687,0.20967741935483872,0.3013064180903283,-0.0916289987354896,0.0916289987354896
Kareem Abdul-Jabbar,abdulka01,1982,LAL,1071,493,2.45940737,1.346104009,1.5,1.346104009,0.2903225806451613,0.3011330012789259,-0.010810420633764584,0.010810420633764584
Nazr Mohammed,mohamna01,2005,SAS,971,528,2.088031623,1.338981213,1.7,1.338981213,0.3225806451612903,0.3002536448922021,0.022327000269088237,0.022327000269088237
Julius Erving,ervinju01,1983,PHI,1010,493,2.308282008,1.309347125,1.2,1.309347125,0.24193548387096772,0.296595120269633,-0.05465963639866525,0.05465963639866525
Derek Fisher,fishede01,2010,LAL,1424,754,0.495481448,1.294699638,1.4,1.294699638,0.27419354838709675,0.29478679089407545,-0.020593242506978693,0.020593242506978693
Brent Barry,barrybr01,2005,SAS,1021,555,1.687029023,1.294601399,1.2,1.294601399,0.24193548387096772,0.2947746626382507,-0.052839178767282974,0.052839178767282974
Dennis Rodman,rodmade01,1998,CHI,1280,722,0.594348361,1.263965387,1.5,1.263965387,0.2903225806451613,0.2909924438556339,-0.0006698632104725766,0.0006698632104725766
Bobby Jones,jonesbo01,1983,PHI,664,324,4.497686329,1.232556356,1.1,1.232556356,0.22580645161290325,0.28711479075274327,-0.06130833913984002,0.06130833913984002
Kevon Looney,looneke01,2018,GSW,816,387,3.272624266,1.225871839,1.2,1.225871839,0.24193548387096772,0.2862895428141368,-0.0443540589431691,0.0443540589431691
Derek Fisher,fishede01,2002,LAL,1251,649,0.839171004,1.225034374,1.3,1.225034374,0.25806451612903225,0.28618615220791876,-0.028121636078886514,0.028121636078886514
Klay Thompson,thompkl01,2017,GSW,1258,596,1.144247766,1.223719008,0.6,1.223719008,0.14516129032258063,0.2860237615550095,-0.1408624712324289,0.1408624712324289
Dennis Johnson,johnsde01,1984,BOS,1669,808,0.124922825,1.21925432,1.3,1.21925432,0.25806451612903225,0.28547256622279316,-0.027408050093760905,0.027408050093760905
Mark Aguirre,aguirma01,1989,DET,865,462,2.263890145,1.218335617,1.3,1.218335617,0.25806451612903225,0.28535914624690834,-0.027294630117876084,0.027294630117876084
Dennis Rodman,rodmade01,1989,DET,766,409,2.892783164,1.215873085,1.3,1.215873085,0.25806451612903225,0.2850551303461705,-0.026990614217138276,0.026990614217138276
Klay Thompson,thompkl01,2018,GSW,1615,794,0.121494209,1.199768385,1.8,1.199768385,0.33870967741935487,0.28306689836518,0.05564277905417486,0.05564277905417486
Chris Bosh,boshch01,2012,MIA,814,439,2.498200964,1.196083401,1.7,1.196083401,0.3225806451612903,0.2826119626608057,0.03996868250048463,0.03996868250048463
Kevin McHale,mchalke01,1984,BOS,1450,702,0.473210887,1.185048302,2.1,1.185048302,0.3870967741935484,0.28124960653214776,0.10584716766140062,0.10584716766140062
Serge Ibaka,ibakase01,2019,TOR,1014,500,1.746204034,1.180576445,1.2,1.180576445,0.24193548387096772,0.28069752613935456,-0.03876204226838684,0.03876204226838684
Johnny Davis,davisjo01,1977,POR,986,436,2.377292109,1.176177215,1,1.176177215,0.20967741935483872,0.2801544120311916,-0.0704769926763529,0.0704769926763529
Gary Payton,paytoga01,2006,MIA,1066,560,1.149962253,1.155328627,1.1,1.155328627,0.22580645161290325,0.27758051562703034,-0.0517740640141271,0.0517740640141271
Sam Cassell,cassesa01,1994,HOU,906,478,1.661791134,1.11623651,1.1,1.11623651,0.22580645161290325,0.27275433462247745,-0.0469478830095742,0.0469478830095742
John Paxson,paxsojo01,1992,CHI,1122,598,0.792467665,1.114041952,1.5,1.114041952,0.2903225806451613,0.27248340188857134,0.01783917875658997,0.01783917875658997
Vernon Maxwell,maxweve01,1994,HOU,1667,880,-0.401049493,1.089255037,0.3,1.089255037,0.0967741935483871,0.26942329290715017,-0.17264909935876308,0.17264909935876308
Steve Kerr,kerrst01,1996,CHI,653,357,2.995828802,1.079354543,1.4,1.079354543,0.27419354838709675,0.2682010112875978,0.005992537099498929,0.005992537099498929
Dennis Rodman,rodmade01,1990,DET,1088,560,0.898957325,1.073805133,1.4,1.073805133,0.27419354838709675,0.26751589983332486,0.006677648553771898,0.006677648553771898
Robert Horry,horryro01,2007,SAS,676,361,2.759657027,1.042213378,1.1,1.042213378,0.22580645161290325,0.26361568824126685,-0.03780923662836361,0.03780923662836361
Lionel Hollins,hollili01,1977,POR,1542,682,0.128422195,1.038146344,0.6,1.038146344,0.14516129032258063,0.26311358593159484,-0.11795229560901421,0.11795229560901421
Michael Cooper,coopemi01,1988,LAL,1146,588,0.583650017,1.033873356,1,1.033873356,0.20967741935483872,0.26258605723525225,-0.05290863788041353,0.05290863788041353
Brian Shaw,shawbr01,2000,LAL,776,408,2.026703646,1.028310119,0.9,1.028310119,0.1935483870967742,0.2618992387461633,-0.06835085164938909,0.06835085164938909
Fabricio Oberto,obertfa01,2007,SAS,777,415,1.949260001,1.024906098,1.5,1.024906098,0.2903225806451613,0.2614789897867811,0.02884359085838023,0.02884359085838023
Tony Parker,parketo01,2007,SAS,1407,751,-0.144970893,1.024012283,1.6,1.024012283,0.3064516129032258,0.2613686423994911,0.04508297050373472,0.04508297050373472
Tiny Archibald,architi01,1981,BOS,1272,630,0.346238208,1.022518224,1.3,1.022518224,0.25806451612903225,0.2611841909110879,-0.003119674782055659,0.003119674782055659
Mike Miller,millemi01,2012,MIA,682,368,2.483316479,1.019932057,1,1.019932057,0.20967741935483872,0.26086491144996277,-0.05118749209512405,0.05118749209512405
Bison Dele,delebi01,1997,CHI,605,336,2.937205249,1.018897194,0.9,1.018897194,0.1935483870967742,0.2607371507519961,-0.06718876365522192,0.06718876365522192
Glen Rice,ricegl01,2000,LAL,1458,766,-0.215144944,1.017397074,1.1,1.017397074,0.22580645161290325,0.2605519509929616,-0.03474549938005833,0.03474549938005833
Steve Kerr,kerrst01,1997,CHI,614,341,2.814949901,0.998966893,1,0.998966893,0.20967741935483872,0.25827662296576176,-0.04859920361092304,0.04859920361092304
Michael Finley,finlemi01,2007,SAS,1008,538,0.793566687,0.998683524,1.6,0.998683524,0.3064516129032258,0.2582416391841191,0.048209973719106736,0.048209973719106736
A.C. Green,greenac01,1987,LAL,1069,505,1.0260474,0.998404389,1.9,0.998404389,0.3548387096774193,0.25820717811784566,0.09663153155957366,0.09663153155957366
John Johnson,johnsjo01,1979,SEA,1291,615,0.327274429,0.994151956,0.8,0.994151956,0.1774193548387097,0.2576821870725223,-0.08026283223381259,0.08026283223381259
Jason Williams,willija02,2006,MIA,1305,686,-0.048766552,0.975015434,1.3,0.975015434,0.25806451612903225,0.2553196565661901,0.00274485956284215,0.00274485956284215
Tony Parker,parketo01,2014,SAS,1401,719,-0.156106876,0.973107096,1.1,0.973107096,0.22580645161290325,0.2550840595887773,-0.02927760797587403,0.02927760797587403
B.J. Armstrong,armstbj01,1991,CHI,507,273,3.92347006,0.954077216,1,0.954077216,0.20967741935483872,0.25273469474432747,-0.04305727538948875,0.04305727538948875
Stephen Jackson,jacksst02,2003,SAS,1555,811,-0.532271878,0.948432251,1.3,0.948432251,0.25806451612903225,0.2520377863918234,0.006026729737208858,0.006026729737208858
Ray Allen,allenra02,2013,MIA,1054,573,0.385961195,0.944985112,1.5,0.944985112,0.2903225806451613,0.25161221422949065,0.03871036641567066,0.03871036641567066
Chris Ford,fordch01,1981,BOS,1024,507,0.766127179,0.939901823,0.9,0.939901823,0.1935483870967742,0.2509846485028135,-0.0574362614060393,0.0574362614060393
Mark Aguirre,aguirma01,1990,DET,853,439,1.278829423,0.933809945,1.2,0.933809945,0.24193548387096772,0.250232565777653,-0.008297081906685294,0.008297081906685294
Jaren Jackson,jacksja01,1999,SAS,621,345,2.295466217,0.925555366,0.6,0.925555366,0.14516129032258063,0.24921348327643209,-0.10405219295385146,0.10405219295385146
Rick Mahorn,mahorri01,1989,DET,674,360,2.088913059,0.922262208,1.2,0.922262208,0.24193548387096772,0.24880692108936528,-0.006871437218397558,0.006871437218397558
Charles Johnson,johnsch01,1978,WSB,919,425,1.327583232,0.916111206,0.7,0.916111206,0.16129032258064516,0.2480475391144426,-0.08675721653379745,0.08675721653379745
Vinnie Johnson,johnsvi01,1989,DET,697,372,1.940268802,0.915991801,1.1,0.915991801,0.22580645161290325,0.24803279777559806,-0.02222634616269481,0.02222634616269481
Shawn Marion,mariosh01,2011,DAL,1259,690,-0.222393615,0.912479479,1.4,0.912479479,0.27419354838709675,0.24759917833978515,0.026594370047311605,0.026594370047311605
Scott Burrell,burresc01,1998,CHI,463,261,3.69115596,0.894119523,0.7,0.894119523,0.16129032258064516,0.2453325200543915,-0.08404219747374633,0.08404219747374633
Norman Powell,powelno01,2019,TOR,751,366,1.79402122,0.873709642,0.8,0.873709642,0.1774193548387097,0.24281278493778513,-0.06539343009907544,0.06539343009907544
John Paxson,paxsojo01,1991,CHI,904,487,0.665573184,0.872112697,1.5,0.872112697,0.2903225806451613,0.2426156314906,0.04770694915456131,0.04770694915456131
Richard Jefferson,jefferi01,2016,CLE,739,381,1.590113455,0.864532364,1,0.864532364,0.20967741935483872,0.24167978912798796,-0.03200236977314924,0.03200236977314924
Michael Cooper,coopemi01,1980,LAL,999,464,0.776728062,0.861756686,0.8,0.861756686,0.1774193548387097,0.241337113277551,-0.06391775843884132,0.06391775843884132
Kevin McHale,mchalke01,1981,BOS,598,296,2.719345778,0.85481943,1.1,0.85481943,0.22580645161290325,0.24048066303386326,-0.01467421142096001,0.01467421142096001
Kurt Rambis,rambiku01,1985,LAL,853,375,1.572164537,0.853738225,1.2,0.853738225,0.24193548387096772,0.24034718110877265,0.0015883027621950707,0.0015883027621950707
Fred VanVleet,vanvlfr01,2019,TOR,1193,592,-0.057981678,0.826767569,1.1,0.826767569,0.22580645161290325,0.23701747482380653,-0.011211023210903281,0.011211023210903281
Peja Stojakovic,stojape01,2011,DAL,639,350,1.70520293,0.823641979,0.5,0.823641979,0.12903225806451613,0.23663160001723055,-0.10759934195271442,0.10759934195271442
A.C. Green,greenac01,1988,LAL,1415,726,-0.611591985,0.813522557,1.8,0.813522557,0.33870967741935487,0.23538229028469662,0.10332738713465825,0.10332738713465825
Udonis Haslem,hasleud01,2006,MIA,1237,650,-0.40196248,0.803012997,1.5,0.803012997,0.2903225806451613,0.2340848154296457,0.0562377652155156,0.0562377652155156
Devean George,georgde01,2002,LAL,631,327,1.847427556,0.799333433,0.4,0.799333433,0.1129032258064516,0.23363054886020315,-0.12072732305375156,0.12072732305375156
Derek Fisher,fishede01,2009,LAL,1219,635,-0.411879915,0.784713706,0.9,0.784713706,0.1935483870967742,0.23182564664068026,-0.03827725954390607,0.03827725954390607
Dave Twardzik,twardda01,1977,POR,800,354,1.419207096,0.781385513,1.1,0.781385513,0.22580645161290325,0.2314147591505992,-0.00560830753769595,0.00560830753769595
Udonis Haslem,hasleud01,2013,MIA,657,357,1.334697517,0.772658803,1.1,0.772658803,0.22580645161290325,0.23033738894743924,-0.004530937334535995,0.004530937334535995
Luke Walton,waltolu01,2009,LAL,637,332,1.645052029,0.770807156,0.6,0.770807156,0.14516129032258063,0.23010879084980906,-0.08494750052722844,0.08494750052722844
Shaun Livingston,livinsh01,2015,GSW,742,375,1.126326019,0.75218601,0.9,0.75218601,0.1935483870967742,0.22780988692735823,-0.03426149983058405,0.03426149983058405
Harrison Barnes,barneha02,2015,GSW,1375,681,-0.652689293,0.750838845,1.6,0.750838845,0.3064516129032258,0.22764357047708775,0.07880804242613806,0.07880804242613806
Alonzo Mourning,mournal01,2006,MIA,430,226,3.392893454,0.739344283,1,0.739344283,0.20967741935483872,0.2262244905950733,-0.01654707124023458,0.01654707124023458
Shane Battier,battish01,2013,MIA,721,392,0.70558533,0.721587013,0.6,0.721587013,0.14516129032258063,0.2240322378918821,-0.07887094756930146,0.07887094756930146
Horace Grant,grantho01,2001,LAL,820,423,0.489658445,0.718219604,1,0.718219604,0.20967741935483872,0.22361650892661883,-0.013939089571780111,0.013939089571780111
Bill Cartwright,cartwbi01,1991,CHI,949,511,-0.107639257,0.710480413,1.2,0.710480413,0.24193548387096772,0.22266105449075885,0.019274429380208874,0.019274429380208874
Jordan Bell,belljo01,2018,GSW,353,173,5.057921732,0.705919902,0.6,0.705919902,0.14516129032258063,0.22209802917393465,-0.07693673885135402,0.07693673885135402
Alex Caruso,carusal01,2020,LAL,1075,510,-0.195938985,0.693187253,0.8,0.693187253,0.1774193548387097,0.22052609924388147,-0.04310674440517179,0.04310674440517179
Markieff Morris,morrima02,2020,LAL,779,385,0.65955905,0.688997421,0.7,0.688997421,0.16129032258064516,0.22000883670702098,-0.058718514126375826,0.058718514126375826
Andrew Bynum,bynuman01,2010,LAL,1059,561,-0.401780221,0.687972044,1.7,0.687972044,0.3225806451612903,0.2198822471186417,0.1026983980426486,0.1026983980426486
Bill Walton,waltobi01,1986,BOS,603,291,1.728248084,0.687929385,1.1,0.687929385,0.22580645161290325,0.21987698058228416,0.005929471030619082,0.005929471030619082
Vinnie Johnson,johnsvi01,1990,DET,900,463,0.072007531,0.684512522,1,0.684512522,0.20967741935483872,0.219455146192866,-0.009777726838027273,0.009777726838027273
Steve Kerr,kerrst01,1998,CHI,735,415,0.406718202,0.683156034,1.3,0.683156034,0.25806451612903225,0.21928767875643873,0.03877683737259352,0.03877683737259352
Jamaal Wilkes,wilkeja01,1982,LAL,1162,535,-0.32598823,0.6802013,0.9,0.6802013,0.1935483870967742,0.21892289725575134,-0.025374510158977154,0.025374510158977154
Luc Longley,longllu01,1997,CHI,778,432,0.220838707,0.677094464,0.9,0.677094464,0.1935483870967742,0.21853933775480486,-0.02499095065803067,0.02499095065803067
Larry Wright,wrighla01,1978,WSB,869,402,0.42144738,0.67459647,0.9,0.67459647,0.1935483870967742,0.21823094383507197,-0.02468255673829778,0.02468255673829778
Robert Parish,parisro01,1986,BOS,1225,591,-0.62141089,0.659081365,1,0.659081365,0.20967741935483872,0.2163155012655472,-0.006638081910708471,0.006638081910708471
Derek Fisher,fishede01,2000,LAL,613,322,0.994777613,0.633780039,0.8,0.633780039,0.1774193548387097,0.21319188483589208,-0.03577252999718239,0.03577252999718239
Bruce Bowen,bowenbr01,2005,SAS,1497,814,-1.286039342,0.626494159,1,0.626494159,0.20967741935483872,0.21229239464820407,-0.0026149752933653514,0.0026149752933653514
J.J. Barea,bareajo01,2011,DAL,712,390,0.28397262,0.622077638,0.8,0.622077638,0.1774193548387097,0.2117471458514605,-0.034327791012750825,0.034327791012750825
JaVale McGee,mcgeeja01,2017,GSW,328,149,5.032226265,0.618269466,0.9,0.618269466,0.1935483870967742,0.21127700177181213,-0.017728614675037946,0.017728614675037946
Norris Cole,coleno01,2013,MIA,769,418,0.036450729,0.612852596,0.9,0.612852596,0.1935483870967742,0.2106082532592122,-0.017059866162438014,0.017059866162438014
Mike Miller,millemi01,2013,MIA,427,232,2.187673175,0.605155411,0.7,0.605155411,0.16129032258064516,0.20965798474253072,-0.048367662161885566,0.048367662161885566
Clint Richardson,richacl01,1983,PHI,653,319,0.801462681,0.598273494,0.6,0.598273494,0.14516129032258063,0.20880836646526246,-0.06364707614268184,0.06364707614268184
John Paxson,paxsojo01,1993,CHI,617,331,0.66213822,0.591850457,1.1,0.591850457,0.22580645161290325,0.20801539996613577,0.017791051646767475,0.017791051646767475
Cliff Levingston,levincl01,1991,CHI,356,192,3.008547379,0.583278643,0.7,0.583278643,0.16129032258064516,0.20695715270105774,-0.04566683012041259,0.04566683012041259
Mike McGee,mcgeemi01,1985,LAL,592,260,1.39224707,0.565984942,0.8,0.565984942,0.1774193548387097,0.20482213066414384,-0.027402775825434156,0.027402775825434156
Kentavious Caldwell-Pope,caldwke01,2020,LAL,1228,608,-0.969245467,0.565895519,1.1,0.565895519,0.22580645161290325,0.2048110908019647,0.020995360810938557,0.020995360810938557
Bob McAdoo,mcadobo01,1982,LAL,843,388,-0.053255846,0.550952449,1,0.550952449,0.20967741935483872,0.20296626974549176,0.006711149609346961,0.006711149609346961
Lindsey Hunter,hunteli01,2004,DET,495,273,1.011080468,0.549930133,0.4,0.549930133,0.1129032258064516,0.20284005805785532,-0.08993683225140373,0.08993683225140373
Tony Parker,parketo01,2003,SAS,1561,814,-1.468047379,0.548394561,1.1,0.548394561,0.22580645161290325,0.20265048151439202,0.023155970098511225,0.023155970098511225
Zaza Pachulia,pachuza01,2017,GSW,445,212,2.059919836,0.53347875,0.5,0.53347875,0.12903225806451613,0.2008090257621824,-0.07177676769766628,0.07177676769766628
B.J. Armstrong,armstbj01,1992,CHI,814,434,-0.425439854,0.531148966,0.8,0.531148966,0.1774193548387097,0.20052139848209646,-0.023102043643386777,0.023102043643386777
Luc Longley,longllu01,1998,CHI,808,456,-0.561062327,0.527714472,0.9,0.527714472,0.1935483870967742,0.2000973874288437,-0.00654900033206951,0.00654900033206951
Tony Parker,parketo01,2005,SAS,1578,858,-1.621831832,0.511155583,0.6,0.511155583,0.14516129032258063,0.19805308280476056,-0.05289179248217993,0.05289179248217993
Mychal Thompson,thompmy01,1988,LAL,1199,615,-1.184171555,0.507312989,1.1,0.507312989,0.22580645161290325,0.1975786891010118,0.028227762511891435,0.028227762511891435
Scott Williams,willisc01,1992,CHI,602,321,0.219611347,0.506743778,0.9,0.506743778,0.1935483870967742,0.19750841622948165,-0.00396002913270746,0.00396002913270746
Dennis Rodman,rodmade01,1997,CHI,964,535,-0.953900299,0.506686592,0.8,0.506686592,0.1774193548387097,0.1975013562386675,-0.020082001399957805,0.020082001399957805
David West,westda01,2017,GSW,441,221,1.626911662,0.505159404,0.9,0.505159404,0.1935483870967742,0.19731281475558585,-0.0037644276588116588,0.0037644276588116588
Rick Fox,foxri01,2000,LAL,630,331,0.078221636,0.500209295,0.7,0.500209295,0.16129032258064516,0.19670169098282456,-0.0354113684021794,0.0354113684021794
Marc Iavaroni,iavarma01,1983,PHI,580,283,0.586924662,0.499527683,0.7,0.499527683,0.16129032258064516,0.1966175414626828,-0.03532721888203763,0.03532721888203763
JaVale McGee,mcgeeja01,2018,GSW,319,158,3.143977782,0.492993777,0.8,0.492993777,0.1774193548387097,0.19581088745050088,-0.01839153261179119,0.01839153261179119
Matt Bonner,bonnema01,2014,SAS,268,136,4.153660079,0.491938452,0.3,0.491938452,0.0967741935483871,0.19568060058298156,-0.09890640703459447,0.09890640703459447
Greg Ballard,ballagr01,1978,WSB,525,243,1.033798498,0.483577415,0.6,0.483577415,0.14516129032258063,0.19464837513589808,-0.049487084813317456,0.049487084813317456
Andrew Bogut,bogutan01,2015,GSW,860,440,-0.670015486,0.476964331,1.4,0.476964331,0.27419354838709675,0.19383194607470622,0.08036160231239053,0.08036160231239053
James Edwards,edwarja01,1990,DET,1041,536,-1.077398116,0.474968453,1.1,0.474968453,0.22580645161290325,0.19358554170394765,0.0322209099089556,0.0322209099089556
Gerald Henderson,hendege01,1981,BOS,460,228,1.110192187,0.463495668,0.6,0.463495668,0.14516129032258063,0.19216915033695364,-0.047007860014373015,0.047007860014373015
Bill Cartwright,cartwbi01,1993,CHI,828,444,-0.773662559,0.461947711,1,0.461947711,0.20967741935483872,0.19197804478313407,0.017699374571704646,0.017699374571704646
Brian Shaw,shawbr01,2001,LAL,562,290,0.247263624,0.460480709,0.7,0.460480709,0.16129032258064516,0.1917969336607551,-0.030506611080109935,0.030506611080109935
Speedy Claxton,claxtsp01,2003,SAS,625,326,-0.139452627,0.44914979,0.8,0.44914979,0.1774193548387097,0.1903980565919607,-0.012978701753251026,0.012978701753251026
Jordan Farmar,farmajo01,2010,LAL,568,301,0.019880174,0.442278009,0.4,0.442278009,0.1129032258064516,0.18954968967108896,-0.07664646386463736,0.07664646386463736
Aron Baynes,baynear01,2014,SAS,205,101,5.492042554,0.440185352,0.2,0.440185352,0.08064516129032258,0.18929133729118475,-0.10864617600086217,0.10864617600086217
Malik Rose,rosema01,2003,SAS,1074,560,-1.263831606,0.438763409,1.2,0.438763409,0.24193548387096772,0.18911578900107406,0.05281969486989366,0.05281969486989366
Cory Joseph,josepco01,2014,SAS,172,87,6.647138857,0.422318269,0.3,0.422318269,0.0967741935483871,0.18708552744513904,-0.09031133389675194,0.09031133389675194
A.C. Green,greenac01,2000,LAL,816,429,-0.921067307,0.410679848,0.6,0.410679848,0.14516129032258063,0.18564868721586242,-0.04048739689328179,0.04048739689328179
Andrew Toney,toneyan01,1983,PHI,731,357,-0.629552799,0.40145689,0.6,0.40145689,0.14516129032258063,0.18451005190723,-0.03934876158464937,0.03934876158464937
Scott Williams,willisc01,1993,CHI,737,395,-0.957364774,0.374048649,0.8,0.374048649,0.1774193548387097,0.18112632285304733,-0.003706968014337647,0.003706968014337647
Kurt Rambis,rambiku01,1987,LAL,455,215,0.450839564,0.365568452,0.8,0.365568452,0.1774193548387097,0.18007938631399353,-0.002660031475283847,0.002660031475283847
Festus Ezeli,ezelife01,2015,GSW,379,183,0.974361248,0.356939573,0.6,0.356939573,0.14516129032258063,0.1790140939963535,-0.033852803673772885,0.033852803673772885
M.L. Carr,carrml01,1981,BOS,581,288,-0.404503669,0.356604966,0.5,0.356604966,0.12903225806451613,0.17897278454392887,-0.049940526479412745,0.049940526479412745
Kevin Grevey,greveke01,1978,WSB,1263,584,-1.593814149,0.356194921,1.1,0.356194921,0.22580645161290325,0.17892216177028852,0.046884289842614724,0.046884289842614724
Shannon Brown,brownsh01,2009,LAL,530,276,-0.297486929,0.356107615,0.7,0.356107615,0.16129032258064516,0.17891138326579406,-0.017621060685148904,0.017621060685148904
Luc Longley,longllu01,1996,CHI,803,439,-1.233023933,0.353131306,0.8,0.353131306,0.1774193548387097,0.17854393818832537,-0.001124583349615682,0.001124583349615682
Rajon Rondo,rondora01,2020,LAL,815,395,-1.132373649,0.335853982,1.2,0.335853982,0.24193548387096772,0.17641093800063265,0.06552454587033507,0.06552454587033507
Quinn Cook,cookqu01,2018,GSW,367,175,0.89095758,0.335745407,0.4,0.335745407,0.1129032258064516,0.17639753369708547,-0.06349430789063387,0.06349430789063387
David West,westda01,2018,GSW,363,175,0.784935871,0.328277725,0.8,0.328277725,0.1774193548387097,0.17547559884724243,0.0019437559914672609,0.0019437559914672609
Fred Brown,brownfr01,1979,SEA,546,260,-0.391540324,0.322106486,0.6,0.322106486,0.14516129032258063,0.17471371848050876,-0.029552428157928134,0.029552428157928134
Pete Chilcutt,chilcpe01,1995,HOU,626,323,-0.892924721,0.316115362,0.7,0.316115362,0.16129032258064516,0.17397407450459615,-0.012683751923950992,0.012683751923950992
Eddie House,houseed01,2008,BOS,299,165,0.726773544,0.302666422,0.3,0.302666422,0.0967741935483871,0.17231371370194706,-0.07553952015355997,0.07553952015355997
Brian Shaw,shawbr01,2002,LAL,459,238,-0.327327587,0.302212676,0.4,0.302212676,0.1129032258064516,0.17225769575014133,-0.05935446994368973,0.05935446994368973
Dennis Awtrey,awtrede01,1979,SEA,321,153,0.848308318,0.293288378,0.4,0.293288378,0.1129032258064516,0.17115593199847318,-0.05825270619202158,0.05825270619202158
M.L. Carr,carrml01,1984,BOS,169,82,3.773593842,0.284674324,0.2,0.284674324,0.08064516129032258,0.17009246992536536,-0.08944730863504279,0.08944730863504279
Jud Buechler,buechju01,1997,CHI,249,138,0.894752117,0.264700987,0.4,0.264700987,0.1129032258064516,0.16762662905962425,-0.05472340325317265,0.05472340325317265
Patrick McCaw,mccawpa01,2017,GSW,392,181,0.025743179,0.263365022,0.7,0.263365022,0.16129032258064516,0.16746169532360408,-0.006171372742958925,0.006171372742958925
Mario Elie,eliema01,1994,HOU,724,382,-1.443071824,0.262416803,0.6,0.262416803,0.14516129032258063,0.16734463140184316,-0.022183341079262536,0.022183341079262536
Jud Buechler,buechju01,1996,CHI,232,127,0.966493322,0.250937139,0.3,0.250937139,0.0967741935483871,0.16592739077669488,-0.06915319722830779,0.06915319722830779
Kurt Rambis,rambiku01,1982,LAL,606,279,-1.08050396,0.246145921,0.6,0.246145921,0.14516129032258063,0.1653358831512503,-0.02017459282866968,0.02017459282866968
Ron Harper,harpero01,2001,LAL,81,42,8.167040466,0.243538195,0.2,0.243538195,0.08064516129032258,0.16501394208864992,-0.08436878079832734,0.08436878079832734
Bill Cartwright,cartwbi01,1992,CHI,1148,612,-2.003069207,0.241198062,0.6,0.241198062,0.14516129032258063,0.16472503715590536,-0.019563746833324736,0.019563746833324736
Joel Anthony,anthojo01,2012,MIA,610,329,-1.375128971,0.237622021,0.9,0.237622021,0.1935483870967742,0.1642835511871178,0.029264835909656395,0.029264835909656395
Danny Ainge,aingeda01,1984,BOS,522,253,-1.016906416,0.232232549,0.3,0.232232549,0.0967741935483871,0.16361818513925272,-0.06684399159086563,0.06684399159086563
DeShawn Stevenson,stevede01,2011,DAL,606,332,-1.439287825,0.231687707,0.4,0.231687707,0.1129032258064516,0.16355092078232666,-0.05064769497587507,0.05064769497587507
Billy Thompson,thompbi01,1987,LAL,57,27,13.38400692,0.228889451,0.2,0.228889451,0.08064516129032258,0.16320545752810903,-0.08256029623778645,0.08256029623778645
Zaza Pachulia,pachuza01,2018,GSW,54,26,13.28836792,0.227115505,0.2,0.227115505,0.08064516129032258,0.16298645213404703,-0.08234129084372445,0.08234129084372445
Jeff Ayres,pendeje02,2014,SAS,129,65,3.93946111,0.223958209,0.2,0.223958209,0.08064516129032258,0.16259666301157638,-0.0819515017212538,0.0819515017212538
Jordan Farmar,farmajo01,2009,LAL,499,260,-1.168080628,0.216649258,0.3,0.216649258,0.0967741935483871,0.16169432455598934,-0.06492013100760224,0.06492013100760224
Trent Tucker,tucketr01,1993,CHI,388,208,-0.810351073,0.212232945,0.4,0.212232945,0.1129032258064516,0.1611491014382247,-0.0482458756317731,0.0482458756317731
Ian Clark,clarkia01,2017,GSW,450,219,-0.906231978,0.21180619,0.6,0.21180619,0.14516129032258063,0.16109641570430555,-0.015935125381724924,0.015935125381724924
Steve Kerr,kerrst01,2003,SAS,88,46,5.859615345,0.206547287,0.3,0.206547287,0.0967741935483871,0.1604471692650967,-0.0636729757167096,0.0636729757167096
Randy Brown,brownra02,1996,CHI,205,112,0.704284697,0.205840621,0.4,0.205840621,0.1129032258064516,0.1603599266625596,-0.04745670085610801,0.04745670085610801
Kareem Abdul-Jabbar,abdulka01,1988,LAL,1400,718,-2.209827758,0.204094933,0.8,0.204094933,0.1774193548387097,0.16014440990593382,0.01727494493277587,0.01727494493277587
Jason Caffey,caffeja01,1997,CHI,301,167,-0.558369786,0.192506482,0.4,0.192506482,0.1129032258064516,0.15871373880443293,-0.045810512997981334,0.045810512997981334
Tyronn Lue,luety01,2001,LAL,254,131,0.01899575,0.192424829,0.2,0.192424829,0.08064516129032258,0.15870365820026497,-0.07805849690994239,0.07805849690994239
Leandro Barbosa,barbole01,2015,GSW,464,229,-1.180021712,0.187842117,0.5,0.187842117,0.12903225806451613,0.15813789202280937,-0.029105633958293242,0.029105633958293242
Franklin Edwards,edwarfr01,1983,PHI,207,101,0.764734452,0.186436466,0.3,0.186436466,0.0967741935483871,0.15796435508810638,-0.06119016153971929,0.06119016153971929
David Lee,leeda02,2015,GSW,213,107,0.583448684,0.186403431,0.3,0.186403431,0.0967741935483871,0.1579602766983511,-0.061186083149964016,0.061186083149964016
JaVale McGee,mcgeeja01,2020,LAL,279,135,-0.191072907,0.183458553,0.4,0.183458553,0.1129032258064516,0.15759671198620398,-0.044693486179752384,0.044693486179752384
Joe Pace,pacejo01,1978,WSB,112,52,3.753423098,0.181877127,0.3,0.181877127,0.0967741935483871,0.15740147446245192,-0.06062728091406483,0.06062728091406483
Andrew Bynum,bynuman01,2009,LAL,768,400,-1.893961297,0.181662914,0.8,0.181662914,0.1774193548387097,0.15737502844747844,0.020044326391231243,0.020044326391231243
Brad Holland,hollabr01,1980,LAL,69,32,7.226274622,0.172243045,0.1,0.172243045,0.06451612903225806,0.156212083170476,-0.09169595413821793,0.09169595413821793
Mehmet Okur,okurme01,2004,DET,457,252,-1.45042951,0.171314194,0.8,0.171314194,0.1774193548387097,0.1560974103567151,0.021321944481994592,0.021321944481994592
Bill Wennington,wennibi01,1996,CHI,309,169,-0.867153104,0.168827634,0.5,0.168827634,0.12903225806451613,0.15579042804008383,-0.026758169975567708,0.026758169975567708
James Jones,jonesja02,2012,MIA,321,173,-0.92508292,0.166551802,0.4,0.166551802,0.1129032258064516,0.1555094614920723,-0.04260623568562069,0.04260623568562069
Will Perdue,perduwi01,1991,CHI,368,198,-1.206277708,0.162404112,0.5,0.162404112,0.12903225806451613,0.15499740166449183,-0.025965143599975704,0.025965143599975704
Sasha Vujacic,vujacsa01,2010,LAL,143,76,1.021929916,0.15142361,0.2,0.15142361,0.08064516129032258,0.15364178589743438,-0.0729966246071118,0.0729966246071118
Dwight Howard,howardw01,2020,LAL,572,282,-1.756784122,0.148794989,1,0.148794989,0.20967741935483872,0.15331726520856073,0.056360154146277985,0.056360154146277985
Scott Wedman,wedmasc01,1986,BOS,294,142,-0.824118941,0.143935379,0.2,0.143935379,0.08064516129032258,0.15271731413731188,-0.0720721528469893,0.0720721528469893
Corey Brewer,breweco01,2011,DAL,42,23,8.541491664,0.142647155,0,0.142647155,0.04838709677419355,0.15255827434424032,-0.10417117757004678,0.10417117757004678
Talen Horton-Tucker,hortota01,2020,LAL,41,17,12.91277244,0.14240279,0.1,0.14240279,0.06451612903225806,0.15252810586497437,-0.0880119768327163,0.0880119768327163
Jud Buechler,buechju01,1998,CHI,113,64,1.493992865,0.142390522,0.2,0.142390522,0.08064516129032258,0.15252659129904372,-0.07188143000872114,0.07188143000872114
Kurt Rambis,rambiku01,1988,LAL,363,186,-1.319374176,0.140954167,0.5,0.140954167,0.12903225806451613,0.15234926375198882,-0.02331700568747269,0.02331700568747269
Derek Anderson,anderde01,2006,MIA,126,66,0.63545766,0.120103779,0.1,0.120103779,0.06451612903225806,0.1497751451258945,-0.08525901609363642,0.08525901609363642
Francisco Elson,elsonfr01,2007,SAS,431,230,-1.783693943,0.118248803,0.5,0.118248803,0.12903225806451613,0.14954613604114472,-0.020513877976628597,0.020513877976628597
Malik Rose,rosema01,1999,SAS,349,194,-1.635472696,0.116517694,0.4,0.116517694,0.1129032258064516,0.1493324191587203,-0.03642919335226871,0.03642919335226871
James Edwards,edwarja01,1989,DET,594,317,-2.075859153,0.113386133,0.7,0.113386133,0.16129032258064516,0.1489458071926096,0.012344515388035548,0.012344515388035548
Tony Allen,allento01,2008,BOS,118,65,0.543282468,0.112807418,0.1,0.112807418,0.06451612903225806,0.14887436098927279,-0.08435823195701472,0.08435823195701472
Micheal Williams,willimi02,1989,DET,11,6,31.9198421,0.109431847,0.1,0.109431847,0.06451612903225806,0.1484576243709996,-0.08394149533874154,0.08394149533874154
Jordan McRae,mcraejo01,2016,CLE,9,4,49.17119696,0.106508769,0.2,0.106508769,0.08064516129032258,0.14809675101337544,-0.06745158972305286,0.06745158972305286
Lloyd Neal,nealll01,1977,POR,466,206,-1.790477004,0.104342008,0.5,0.104342008,0.12903225806451613,0.14782925000339928,-0.01879699193888315,0.01879699193888315
Corky Calhoun,calhoco01,1977,POR,213,94,-0.681676624,0.103009335,0.2,0.103009335,0.08064516129032258,0.1476647226866034,-0.06701956139628083,0.06701956139628083
Bob Hansen,hansebo01,1992,CHI,129,69,-0.178587668,0.093719895,0.1,0.093719895,0.06451612903225806,0.14651787973432906,-0.082001750702071,0.082001750702071
Brent Barry,barrybr01,2007,SAS,422,225,-1.965863279,0.093304273,0.2,0.093304273,0.08064516129032258,0.14646656844306608,-0.0658214071527435,0.0658214071527435
Gerald Henderson,hendege01,1990,DET,37,19,6.363852678,0.093292528,0,0.093292528,0.04838709677419355,0.1464651184449527,-0.09807802167075914,0.09807802167075914
Mike James,jamesmi01,2004,DET,354,195,-1.845927232,0.093178988,0.3,0.093178988,0.0967741935483871,0.1464511011792401,-0.049676907630853,0.049676907630853
Chuck Nevitt,nevitch01,1985,LAL,84,37,1.891466458,0.092354615,0.1,0.092354615,0.06451612903225806,0.14634932686721533,-0.08183319783495727,0.08183319783495727
Craig Hodges,hodgecr01,1991,CHI,388,209,-1.935198424,0.090507616,0.2,0.090507616,0.08064516129032258,0.146121302595999,-0.06547614130567643,0.06547614130567643
Kevin Willis,willike02,2003,SAS,175,91,-1.008177387,0.083260022,0.3,0.083260022,0.0967741935483871,0.14522653906882774,-0.04845234552044064,0.04845234552044064
Will Perdue,perduwi01,1992,CHI,294,157,-1.759410841,0.08309017,0.2,0.08309017,0.08064516129032258,0.14520556971339516,-0.06456040842307258,0.06456040842307258
Jerome Kersey,kerseje01,1999,SAS,274,152,-1.740936915,0.080971885,0.1,0.080971885,0.06451612903225806,0.1449440533869903,-0.08042792435473223,0.08042792435473223
Scott Brooks,brooksc01,1994,HOU,44,23,3.878600568,0.079766198,0.1,0.079766198,0.06451612903225806,0.14479520333374715,-0.08027907430148909,0.08027907430148909
Herm Gilliam,gillihe01,1977,POR,667,295,-2.264320041,0.075462286,0.2,0.075462286,0.08064516129032258,0.14426385686459414,-0.06361869557427156,0.06361869557427156
Dion Waiters,waitedi01,2020,LAL,79,38,0.986615148,0.073677277,0,0.073677277,0.04838709677419355,0.14404348566984007,-0.09565638889564652,0.09565638889564652
Eddie Jordan,jordaed01,1982,LAL,13,6,19.87964818,0.072564131,0,0.072564131,0.04838709677419355,0.14390606041654683,-0.09551896364235328,0.09551896364235328
Clemon Johnson,johnscl01,1983,PHI,414,202,-2.085732868,0.070831545,0.3,0.070831545,0.0967741935483871,0.14369216118868067,-0.04691796764029357,0.04691796764029357
Carl Herrera,herreca01,1994,HOU,470,248,-2.272743168,0.06255935,0.5,0.06255935,0.12903225806451613,0.14267090387547457,-0.013638645810958444,0.013638645810958444
Patrick McCaw,mccawpa01,2018,GSW,33,16,4.503569118,0.061250446,0.1,0.061250446,0.06451612903225806,0.1425093109993051,-0.07799318196704705,0.07799318196704705
Greg Kite,kitegr01,1986,BOS,162,78,-1.29717596,0.060666599,0.2,0.060666599,0.08064516129032258,0.1424372312165457,-0.06179206992622312,0.06179206992622312
Robin Jones,jonesro01,1977,POR,237,105,-1.760712969,0.05533773,0.1,0.05533773,0.06451612903225806,0.14177934701079775,-0.07726321797853969,0.07726321797853969
Adam Morrison,morriad01,2010,LAL,25,13,5.198166576,0.054989919,0,0.054989919,0.04838709677419355,0.1417364074370373,-0.09334931066284376,0.09334931066284376
Stacey King,kingst01,1993,CHI,427,229,-2.322548058,0.05196664,0.4,0.05196664,0.1129032258064516,0.14136316360168133,-0.028459937795229734,0.028459937795229734
Rick Carlisle,carliri01,1986,BOS,112,54,-0.960011891,0.051223231,0.1,0.051223231,0.06451612903225806,0.14127138483220683,-0.07675525579994877,0.07675525579994877
Milt Wagner,wagnemi01,1988,LAL,27,14,3.654575156,0.047800258,0.1,0.047800258,0.06451612903225806,0.14084879612278245,-0.07633266709052439,0.07633266709052439
Ian Mahinmi,mahinia01,2011,DAL,60,33,-0.210609153,0.046838689,0.1,0.046838689,0.06451612903225806,0.1407300840550178,-0.07621395502275974,0.07621395502275974
Randy Brown,brownra02,1997,CHI,177,98,-1.865800706,0.046671223,0,0.046671223,0.04838709677419355,0.14070940926710318,-0.09232231249290963,0.09232231249290963
Earl Cureton,curetea01,1994,HOU,189,100,-1.897508056,0.045310742,0.3,0.045310742,0.0967741935483871,0.14054144886835437,-0.04376725531996728,0.04376725531996728
Dahntay Jones,jonesda02,2016,CLE,103,50,-1.048713463,0.04499542,0.1,0.04499542,0.06451612903225806,0.14050252027702947,-0.07598639124477141,0.07598639124477141
John Long,longjo01,1989,DET,15,8,7.412993043,0.041926681,0.1,0.041926681,0.06451612903225806,0.1401236641032968,-0.07560753507103873,0.07560753507103873
Devean George,georgde01,2000,LAL,86,45,-1.050721633,0.041017739,0,0.041017739,0.04838709677419355,0.14001144918757247,-0.09162435241337892,0.09162435241337892
Stacey King,kingst01,1992,CHI,208,111,-2.057504802,0.04063932,0.2,0.04063932,0.08064516129032258,0.13996473085329647,-0.05931956956297389,0.05931956956297389
Mark McNamara,mcnamma01,1983,PHI,4,2,35.72083073,0.040017427,0.1,0.040017427,0.06451612903225806,0.1398879540396114,-0.07537182500735334,0.07537182500735334
Terrel Harris,harrite01,2012,MIA,19,10,3.35961031,0.032070859,0.1,0.032070859,0.06451612903225806,0.13890689753829716,-0.0743907685060391,0.0743907685060391
Scott Wedman,wedmasc01,1984,BOS,467,226,-2.482716496,0.031611996,0.2,0.031611996,0.08064516129032258,0.13885024785891825,-0.058205086568595674,0.058205086568595674
Wally Walker,walkewa01,1977,POR,188,83,-2.08689126,0.029496774,0.1,0.029496774,0.06451612903225806,0.13858910968016952,-0.07407298064791146,0.07407298064791146
Damian Jones,jonesda03,2017,GSW,44,21,-0.140845391,0.028944225,0.1,0.028944225,0.06451612903225806,0.13852089384299998,-0.07400476481074192,0.07400476481074192
Brendan Haywood,haywobr01,2011,DAL,502,275,-2.553805791,0.02857828,0.6,0.02857828,0.14516129032258063,0.1384757155067203,0.006685574815860323,0.006685574815860323
John Salley,sallejo01,2000,LAL,148,78,-2.11926901,0.026025767,0.1,0.026025767,0.06451612903225806,0.13816059085500407,-0.073644461822746,0.073644461822746
Beno Udrih,udrihbe01,2005,SAS,443,241,-2.547397599,0.025923643,0,0.025923643,0.04838709677419355,0.13814798297017378,-0.08976088619598023,0.08976088619598023
Antonio Daniels,daniean01,1999,SAS,191,106,-2.319144738,0.023861548,0.2,0.023861548,0.08064516129032258,0.13789340367178007,-0.057248242381457495,0.057248242381457495
Eric Fernsten,fernser01,1981,BOS,28,14,-0.362051306,0.017887705,0,0.017887705,0.04838709677419355,0.13715589314988172,-0.08876879637568817,0.08876879637568817
Scott Hastings,hastisc01,1990,DET,31,16,-1.138018423,0.014181527,0,0.014181527,0.04838709677419355,0.13669834090570188,-0.08831124413150833,0.08831124413150833
Glenn Robinson,robingl01,2005,SAS,208,113,-2.535633329,0.012932222,0.2,0.012932222,0.08064516129032258,0.13654410592119356,-0.055898944630870986,0.055898944630870986
Carl Herrera,herreca01,1995,HOU,12,6,0.441856228,0.009852996,0,0.009852996,0.04838709677419355,0.13616395505778736,-0.08777685828359381,0.08777685828359381
Carlos Clark,clarkca01,1984,BOS,41,20,-2.536591025,0.002257213,0,0.002257213,0.04838709677419355,0.1352262052902497,-0.08683910851605615,0.08683910851605615
Mike McGee,mcgeemi01,1982,LAL,22,10,-2.475311697,0.001441562,0,0.001441562,0.04838709677419355,0.13512550776694734,-0.0867384109927538,0.0867384109927538
Mychal Thompson,thompmy01,1987,LAL,849,401,-2.752306479,-0.000486743,0.7,-0.000486743,0.16129032258064516,0.13488744573101352,0.026402876849631635,0.026402876849631635
Bob McAdoo,mcadobo01,1985,LAL,906,398,-2.755727498,-0.001204711,0.5,-0.001204711,0.12903225806451613,0.13479880782164994,-0.00576654975713381,0.00576654975713381
Iman Shumpert,shumpim01,2016,CLE,700,367,-2.758268889,-0.001591544,0.5,-0.001591544,0.12903225806451613,0.13475105072329338,-0.005718792658777255,0.005718792658777255
Will Perdue,perduwi01,1999,SAS,155,86,-2.804673496,-0.002500987,0.2,-0.002500987,0.08064516129032258,0.1346387739557977,-0.05399361266547513,0.05399361266547513
Paul Silas,silaspa01,1979,SEA,877,418,-2.767690338,-0.003891295,0.3,-0.003891295,0.0967741935483871,0.134467131216161,-0.0376929376677739,0.0376929376677739
Terry Duerod,duerote01,1981,BOS,24,12,-3.447842249,-0.004473057,0,-0.004473057,0.04838709677419355,0.1343953088404741,-0.08600821206628055,0.08600821206628055
Jason Kapono,kaponja01,2006,MIA,4,2,-7.287413935,-0.004691795,0,-0.004691795,0.04838709677419355,0.1343683041842521,-0.08598120741005856,0.08598120741005856
Gerard King,kingge02,1999,SAS,25,14,-3.721344007,-0.007167891,0,-0.007167891,0.04838709677419355,0.13406261371779188,-0.08567551694359833,0.08567551694359833
Elden Campbell,campbel01,2004,DET,225,124,-2.860929619,-0.007363802,0.1,-0.007363802,0.06451612903225806,0.13403842720605133,-0.06952229817379327,0.06952229817379327
Marty Byrnes,byrnema01,1980,LAL,17,8,-4.650638616,-0.007926242,0,-0.007926242,0.04838709677419355,0.1339689902593595,-0.08558189348516594,0.08558189348516594
Greg Foster,fostegr01,2001,LAL,6,3,-8.422838293,-0.00923367,0,-0.00923367,0.04838709677419355,0.13380757960517514,-0.0854204828309816,0.0854204828309816
Bill Wennington,wennibi01,1998,CHI,211,119,-2.91792048,-0.010728955,0.2,-0.010728955,0.08064516129032258,0.1336229767589442,-0.05297781546862161,0.05297781546862161
Shaun Livingston,livinsh01,2017,GSW,473,220,-2.855352764,-0.012142197,0.5,-0.012142197,0.12903225806451613,0.13344850266496672,-0.004416244600450592,0.004416244600450592
Brandon Rush,rushbr01,2015,GSW,14,7,-6.092172692,-0.012297538,0,-0.012297538,0.04838709677419355,0.1334293247886847,-0.08504222801449114,0.08504222801449114
Jim Brewer,breweji01,1982,LAL,124,57,-3.1697593,-0.012508776,0,-0.012508776,0.04838709677419355,0.13340324605718393,-0.08501614928299038,0.08501614928299038
Mitch Richmond,richmmi01,2002,LAL,8,4,-8.903679797,-0.013056331,0,-0.013056331,0.04838709677419355,0.13333564676242207,-0.08494854998822852,0.08494854998822852
Matt Bullard,bullama01,1994,HOU,104,55,-3.372362618,-0.018214171,0,-0.018214171,0.04838709677419355,0.13269887722055962,-0.08431178044636607,0.08431178044636607
Clay Johnson,johnscl02,1982,LAL,83,38,-3.691804459,-0.018943449,0.1,-0.018943449,0.06451612903225806,0.13260884301671647,-0.0680927139844584,0.0680927139844584
Devin Brown,brownde02,2005,SAS,110,60,-3.354003965,-0.018988612,0.1,-0.018988612,0.06451612903225806,0.1326032673449587,-0.06808713831270063,0.06808713831270063
Rasho Nesterovic,nestera01,2005,SAS,210,114,-3.079273706,-0.019742618,0.1,-0.019742618,0.06451612903225806,0.13251018030558145,-0.06799405127332339,0.06799405127332339
Brian Cardinal,cardibr01,2011,DAL,68,37,-3.917994275,-0.023151304,0.1,-0.023151304,0.06451612903225806,0.13208935542102263,-0.06757322638876456,0.06757322638876456
Dave Greenwood,greenda01,1990,DET,91,47,-3.680085336,-0.023557727,0,-0.023557727,0.04838709677419355,0.13203917980729432,-0.08365208303310077,0.08365208303310077
Chris Boucher,bouchch01,2019,TOR,12,4,-13.85386616,-0.023805531,0,-0.023805531,0.04838709677419355,0.13200858676067953,-0.08362148998648598,0.08362148998648598
Fennis Dembo,dembofe01,1989,DET,7,4,-13.96027536,-0.024483112,0,-0.024483112,0.04838709677419355,0.13192493489421125,-0.08353783812001771,0.08353783812001771
Chris Jent,jentch01,1994,HOU,117,62,-3.534598389,-0.025999324,-0.1,-0.025999324,0.03225806451612903,0.13173774847109493,-0.0994796839549659,0.0994796839549659
Scott Williams,willisc01,1991,CHI,134,72,-3.463461297,-0.027581333,0.2,-0.027581333,0.08064516129032258,0.13154243897212786,-0.050897277681805284,0.050897277681805284
Michael Doleac,doleami01,2006,MIA,137,72,-3.49010016,-0.028175786,0.2,-0.028175786,0.08064516129032258,0.13146904980835605,-0.050823888518033475,0.050823888518033475
Joel Anthony,anthojo01,2013,MIA,131,71,-3.510163193,-0.028501305,0.1,-0.028501305,0.06451612903225806,0.13142886232978024,-0.06691273329752218,0.06691273329752218
Didier Ilunga-Mbenga,mbengdj01,2010,LAL,23,12,-7.298665576,-0.028822704,0,-0.028822704,0.04838709677419355,0.13138918349251794,-0.08300208671832439,0.08300208671832439
Dexter Pittman,pittmde01,2012,MIA,15,8,-10.85857553,-0.034508545,0,-0.034508545,0.04838709677419355,0.13068722872682673,-0.08230013195263318,0.08230013195263318
Cliff Levingston,levincl01,1992,CHI,358,191,-3.108327649,-0.036371312,0.2,-0.036371312,0.08064516129032258,0.13045725779147657,-0.04981209650115399,0.04981209650115399
Robert Parish,parisro01,1997,CHI,32,18,-6.666925872,-0.036446415,0,-0.036446415,0.04838709677419355,0.13044798582823178,-0.08206088905403823,0.08206088905403823
Wes Matthews,matthwe01,1988,LAL,53,27,-5.294760138,-0.036808867,0,-0.036808867,0.04838709677419355,0.1304032387259589,-0.08201614195176536,0.08201614195176536
Dennis Hopson,hopsode01,1991,CHI,33,18,-6.956057019,-0.040168553,0,-0.040168553,0.04838709677419355,0.12998846321624521,-0.08160136644205167,0.08160136644205167
Matt Bonner,bonnema01,2007,SAS,47,25,-5.840040137,-0.042125447,0,-0.042125447,0.04838709677419355,0.12974687167873078,-0.08135977490453723,0.08135977490453723
Dick Snyder,snydedi01,1979,SEA,185,88,-3.661464643,-0.042258884,0,-0.042258884,0.04838709677419355,0.1297303979964612,-0.08134330122226764,0.08134330122226764
Justin Holiday,holidju01,2015,GSW,23,11,-9.932730446,-0.042821685,0,-0.042821685,0.04838709677419355,0.12966091648192607,-0.08127381970773252,0.08127381970773252
Craig Hodges,hodgecr01,1992,CHI,257,137,-3.356648715,-0.043854036,0,-0.043854036,0.04838709677419355,0.1295334659070127,-0.08114636913281915,0.08114636913281915
Steve Kerr,kerrst01,1999,SAS,175,97,-3.614902397,-0.044058541,0,-0.044058541,0.04838709677419355,0.1295082184089983,-0.08112112163480474,0.08112112163480474
James Michael McAdoo,mcadoja01,2015,GSW,21,10,-11.4840336,-0.045224211,0,-0.045224211,0.04838709677419355,0.12936430871969756,-0.08097721194550402,0.08097721194550402
Reggie Johnson,johnsre01,1983,PHI,66,32,-5.584271765,-0.048241116,0,-0.048241116,0.04838709677419355,0.128991851796898,-0.08060475502270446,0.08060475502270446
Austin Daye,dayeau01,2014,SAS,10,6,-18.45343042,-0.04827854,0,-0.04827854,0.04838709677419355,0.12898723155599587,-0.08060013478180232,0.08060013478180232
James Jones,jonesja02,2016,CLE,110,55,-4.426405455,-0.04843366,-0.1,-0.04843366,0.03225806451612903,0.128968080963629,-0.09671001644749996,0.09671001644749996
Darrell Walker,walkeda01,1993,CHI,41,22,-7.160515861,-0.050206683,0,-0.050206683,0.04838709677419355,0.128749189520036,-0.08036209274584245,0.08036209274584245
Juwan Howard,howarju01,2012,MIA,45,24,-6.945475865,-0.052166878,0,-0.052166878,0.04838709677419355,0.12850719045218764,-0.0801200936779941,0.0801200936779941
Stanislav Medvedenko,medvest01,2002,LAL,40,21,-7.475158409,-0.054187952,0,-0.054187952,0.04838709677419355,0.1282576754681924,-0.07987057869399884,0.07987057869399884
Devean George,georgde01,2001,LAL,52,27,-6.561991854,-0.055077611,0,-0.055077611,0.04838709677419355,0.12814784116665456,-0.07976074439246102,0.07976074439246102
Shannon Brown,brownsh01,2010,LAL,612,324,-3.07241792,-0.055330578,0.3,-0.055330578,0.0967741935483871,0.1281166107134617,-0.031342417165074604,0.031342417165074604
Tony Massenburg,masseto01,2005,SAS,52,28,-6.572347411,-0.055567811,0,-0.055567811,0.04838709677419355,0.12808732272687726,-0.07970022595268371,0.07970022595268371
Zan Tabak,tabakza01,1995,HOU,60,31,-6.215867225,-0.056713024,0,-0.056713024,0.04838709677419355,0.12794593858984607,-0.07955884181565252,0.07955884181565252
William Bedford,bedfowi01,1990,DET,37,19,-8.430561031,-0.057360142,0,-0.057360142,0.04838709677419355,0.12786604758268202,-0.07947895080848848,0.07947895080848848
Norris Cole,coleno01,2012,MIA,315,170,-3.410709697,-0.059860922,0.1,-0.059860922,0.06451612903225806,0.12755730971277937,-0.06304118068052131,0.06304118068052131
Leon Powe,powele01,2008,BOS,489,270,-3.179105261,-0.061327442,0.9,-0.061327442,0.1935483870967742,0.12737625809649578,0.06617212900027841,0.06617212900027841
Mitch Kupchak,kupchmi01,1985,LAL,448,197,-3.337623865,-0.061540398,0.4,-0.061540398,0.1129032258064516,0.12734996726650555,-0.014446741460053952,0.014446741460053952
Danny Ferry,ferryda01,2003,SAS,194,101,-3.954663754,-0.065268127,0,-0.065268127,0.04838709677419355,0.1268897544085035,-0.07850265763430996,0.07850265763430996
Earl Cureton,curetea01,1983,PHI,51,25,-7.687624338,-0.066473413,0,-0.066473413,0.04838709677419355,0.1267409538613688,-0.07835385708717525,0.07835385708717525
Mark Madsen,madsema01,2002,LAL,19,10,-15.40962803,-0.067598774,0,-0.067598774,0.04838709677419355,0.1266020205853463,-0.07821492381115276,0.07821492381115276
James Michael McAdoo,mcadoja01,2017,GSW,123,56,-5.081497435,-0.068503238,0.2,-0.068503238,0.08064516129032258,0.12649035850840887,-0.04584519721808629,0.04584519721808629
James Edwards,edwarja01,1996,CHI,51,28,-7.274944028,-0.069360369,0.1,-0.069360369,0.06451612903225806,0.12638454000411517,-0.06186841097185711,0.06186841097185711
Mike Smrek,smrekmi01,1987,LAL,70,33,-6.694761335,-0.070718588,0,-0.070718588,0.04838709677419355,0.12621685886426226,-0.07782976209006871,0.07782976209006871
Larry Steele,steella01,1977,POR,590,261,-3.264747018,-0.070848416,0.2,-0.070848416,0.08064516129032258,0.1262008307369685,-0.04555566944664592,0.04555566944664592
Glen Davis,davisgl01,2008,BOS,248,137,-3.752861223,-0.073461795,0.1,-0.073461795,0.06451612903225806,0.12587819177404158,-0.06136206274178352,0.06136206274178352
Kyle Kuzma,kuzmaky01,2020,LAL,1020,484,-3.038033323,-0.073600812,0.6,-0.073600812,0.14516129032258063,0.1258610292037794,0.019300261118801232,0.019300261118801232
Udonis Haslem,hasleud01,2012,MIA,838,452,-3.07548745,-0.077487444,1,-0.077487444,0.20967741935483872,0.12538119871698108,0.08429622063785763,0.08429622063785763
James Jones,jonesja02,2013,MIA,61,33,-7.249569272,-0.077500993,0,-0.077500993,0.04838709677419355,0.1253795260031081,-0.07699242922891454,0.07699242922891454
Joe Hassett,hassejo01,1979,SEA,31,15,-12.70338495,-0.077968086,0,-0.077968086,0.04838709677419355,0.12532186027566847,-0.07693476350147492,0.07693476350147492
Darvin Ham,hamda01,2004,DET,196,108,-4.114642552,-0.078343554,0.1,-0.078343554,0.06451612903225806,0.12527550626190612,-0.060759377229648054,0.060759377229648054
Tony Campbell,campbto01,1988,LAL,183,94,-4.440676514,-0.08483543,0,-0.08483543,0.04838709677419355,0.12447404113186179,-0.07608694435766825,0.07608694435766825
Butch Lee,leebu01,1980,LAL,13,6,-29.19820893,-0.087186827,0,-0.087186827,0.04838709677419355,0.12418374558364263,-0.07579664880944909,0.07579664880944909
Steve Smith,smithst01,2003,SAS,127,66,-5.300604549,-0.088799963,-0.1,-0.088799963,0.03225806451612903,0.12398459325016935,-0.09172652873404032,0.09172652873404032
Chucky Brown,brownch01,1995,HOU,632,326,-3.280693955,-0.091364085,0.3,-0.091364085,0.0967741935483871,0.12366803539044137,-0.026893841842054275,0.026893841842054275
Wayne Simien,simiewa01,2006,MIA,13,7,-28.20489206,-0.094027539,-0.1,-0.094027539,0.03225806451612903,0.1233392143367926,-0.09108114982066357,0.09108114982066357
Sasha Vujacic,vujacsa01,2009,LAL,480,250,-3.472443483,-0.096372689,-0.1,-0.096372689,0.03225806451612903,0.12304969002213789,-0.09079162550600886,0.09079162550600886
Vernon Maxwell,maxweve01,1995,HOU,31,16,-14.47097406,-0.099327544,-0.1,-0.099327544,0.03225806451612903,0.12268489358319834,-0.09042682906706931,0.09042682906706931
Dickey Simpkins,simpkdi01,1998,CHI,131,74,-5.33119424,-0.101180305,0,-0.101180305,0.04838709677419355,0.12245615795488288,-0.07406906118068933,0.07406906118068933
Ronnie Lester,lestero01,1985,LAL,123,54,-6.342250641,-0.102011139,0.1,-0.102011139,0.06451612903225806,0.12235358598957496,-0.0578374569573169,0.0578374569573169
Will Perdue,perduwi01,1993,CHI,188,101,-4.664789289,-0.102568187,0.1,-0.102568187,0.06451612903225806,0.12228481472102934,-0.057768685688771276,0.057768685688771276
Josh Powell,poweljo01,2009,LAL,140,73,-5.661891699,-0.110823123,0.1,-0.110823123,0.06451612903225806,0.12126568814579168,-0.05674955911353362,0.05674955911353362
Greg Kite,kitegr01,1984,BOS,78,38,-8.335467306,-0.112687444,0,-0.112687444,0.04838709677419355,0.1210355253588393,-0.07264842858464575,0.07264842858464575
John Salley,sallejo01,1996,CHI,155,85,-5.199354907,-0.112695467,0.1,-0.112695467,0.06451612903225806,0.12103453486630088,-0.056518405834042815,0.056518405834042815
Josh Powell,poweljo01,2010,LAL,76,40,-8.055512623,-0.113550021,0,-0.113550021,0.04838709677419355,0.12092903450974139,-0.07254193773554785,0.07254193773554785
Quinn Buckner,bucknqu01,1984,BOS,553,268,-3.583761755,-0.11923456,0.1,-0.11923456,0.06451612903225806,0.12022724048458179,-0.05571111145232373,0.05571111145232373
Mike Smrek,smrekmi01,1988,LAL,66,34,-9.525895484,-0.121937011,-0.1,-0.121937011,0.03225806451612903,0.11989360499275271,-0.08763554047662368,0.08763554047662368
Rashard Lewis,lewisra02,2013,MIA,86,47,-7.610897289,-0.122145644,-0.1,-0.122145644,0.03225806451612903,0.11986784786577177,-0.08760978334964274,0.08760978334964274
Samaki Walker,walkesa01,2002,LAL,463,240,-3.724982073,-0.123293588,0.6,-0.123293588,0.14516129032258063,0.11972612656868545,0.02543516375389518,0.02543516375389518
Ronny Turiaf,turiaro01,2012,MIA,224,121,-4.680294011,-0.124206323,0.2,-0.124206323,0.08064516129032258,0.11961344338196546,-0.03896828209164288,0.03896828209164288
Phil Walker,walkeph01,1978,WSB,37,17,-17.05397352,-0.130912805,-0.1,-0.130912805,0.03225806451612903,0.11878548371849224,-0.0865274192023632,0.0865274192023632
Matt Barnes,barnema02,2017,GSW,134,61,-6.853202791,-0.132324886,-0.1,-0.132324886,0.03225806451612903,0.1186111529576616,-0.08635308844153257,0.08635308844153257
Sam Vincent,vincesa01,1986,BOS,85,41,-8.813765542,-0.133273916,-0.1,-0.133273916,0.03225806451612903,0.11849398891257418,-0.08623592439644515,0.08623592439644515
Sam Cassell,cassesa01,2008,BOS,478,264,-3.703697724,-0.133926087,-0.1,-0.133926087,0.03225806451612903,0.11841347407906132,-0.08615540956293229,0.08615540956293229
Luke Walton,waltolu01,2010,LAL,181,96,-5.432733775,-0.136658224,0,-0.136658224,0.04838709677419355,0.11807617365372912,-0.06968907687953557,0.06968907687953557
Mark Landsberger,landsma01,1982,LAL,130,60,-7.06822517,-0.13729242,0,-0.13729242,0.04838709677419355,0.1179978779531314,-0.06961078117893785,0.06961078117893785
Wally Walker,walkewa01,1979,SEA,178,85,-5.854827236,-0.140612943,0,-0.140612943,0.04838709677419355,0.11758793737539851,-0.06920084060120496,0.06920084060120496
Lindsey Hunter,hunteli01,2002,LAL,255,132,-4.745987912,-0.140819156,0,-0.140819156,0.04838709677419355,0.11756247901346094,-0.06917538223926739,0.06917538223926739
David Thirdkill,thirdda01,1986,BOS,97,47,-8.401826281,-0.141444843,-0.1,-0.141444843,0.03225806451612903,0.11748523380532358,-0.08522716928919455,0.08522716928919455
Quinn Cook,cookqu01,2020,LAL,53,24,-14.16364687,-0.143562862,0.1,-0.143562862,0.06451612903225806,0.11722375031838214,-0.05270762128612408,0.05270762128612408
Larry Spriggs,sprigla01,1985,LAL,523,230,-4.021044797,-0.154597891,0.3,-0.154597891,0.0967741935483871,0.11586140283168835,-0.01908720928330125,0.01908720928330125
Didier Ilunga-Mbenga,mbengdj01,2009,LAL,31,16,-21.46635688,-0.154951784,-0.1,-0.154951784,0.03225806451612903,0.1158177123947073,-0.08355964787857827,0.08355964787857827
Rodney McCray,mccraro01,1993,CHI,73,39,-10.3806732,-0.156313017,-0.1,-0.156313017,0.03225806451612903,0.1156496591565731,-0.08339159464044407,0.08339159464044407
Andre Iguodala,iguodan01,2017,GSW,888,419,-3.471361705,-0.157876394,0.9,-0.157876394,0.1935483870967742,0.11545664990152675,0.07809173719524744,0.07809173719524744
Darko Milicic,milicda01,2004,DET,25,14,-24.40903321,-0.162778328,-0.2,-0.162778328,0.016129032258064512,0.11485147365189126,-0.09872244139382674,0.09872244139382674
Marreese Speights,speigma01,2015,GSW,140,67,-7.579770267,-0.172843806,0,-0.172843806,0.04838709677419355,0.1136088236637787,-0.06522172688958515,0.06522172688958515
Shandon Anderson,andersh01,2006,MIA,171,90,-6.429497609,-0.173823594,0,-0.173823594,0.04838709677419355,0.11348786233968133,-0.06510076556548779,0.06510076556548779
Mark Madsen,madsema01,2001,LAL,93,48,-9.742800781,-0.174564269,-0.1,-0.174564269,0.03225806451612903,0.11339642110063186,-0.08113835658450283,0.08113835658450283
Patrick McCaw,mccawpa01,2019,TOR,110,48,-9.908405702,-0.182515668,0.1,-0.182515668,0.06451612903225806,0.11241476818034052,-0.047898639148082456,0.047898639148082456
Jodie Meeks,meeksjo01,2019,TOR,148,66,-7.928837036,-0.182992516,-0.1,-0.182992516,0.03225806451612903,0.1123558981334802,-0.08009783361735116,0.08009783361735116
Malcolm Miller,millema01,2019,TOR,70,28,-15.04375941,-0.184034527,0,-0.184034527,0.04838709677419355,0.11222725496752592,-0.06384015819333237,0.06384015819333237
Travis Knight,knightr01,2000,LAL,91,48,-9.907187158,-0.18782783,-0.1,-0.18782783,0.03225806451612903,0.1117589465645015,-0.07950088204837247,0.07950088204837247
P.J. Brown,brownpj01,2008,BOS,617,341,-3.798190167,-0.189463692,0.7,-0.189463692,0.16129032258064516,0.11155698855566637,0.04973333402497879,0.04973333402497879
Matthew Dellavedova,dellama01,2016,CLE,471,241,-4.320170625,-0.198746204,0.4,-0.198746204,0.1129032258064516,0.11041100091092117,0.002492224895530429,0.002492224895530429
Jerry Sichting,sichtje01,1986,BOS,568,274,-4.199492492,-0.207933087,0.3,-0.207933087,0.0967741935483871,0.1092768193001977,-0.012502625751810603,0.012502625751810603
Beno Udrih,udrihbe01,2007,SAS,37,20,-22.30443611,-0.20838911,-0.2,-0.20838911,0.016129032258064512,0.10922052023764658,-0.09309148797958207,0.09309148797958207
Damian Jones,jonesda03,2018,GSW,26,11,-37.77156259,-0.216278045,0,-0.216278045,0.04838709677419355,0.10824657891225985,-0.0598594821380663,0.0598594821380663
Nick Young,youngni01,2018,GSW,436,205,-4.837053477,-0.224327275,0.1,-0.224327275,0.06451612903225806,0.10725284810644861,-0.04273671907419055,0.04273671907419055
Jeremy Lin,linje01,2019,TOR,65,27,-18.12501475,-0.22509569,-0.1,-0.22509569,0.03225806451612903,0.10715798218049702,-0.07489991766436799,0.07489991766436799
Adrian Branch,brancad01,1987,LAL,89,42,-12.98865407,-0.232271649,-0.2,-0.232271649,0.016129032258064512,0.10627206246897947,-0.09014303021091495,0.09014303021091495
Timofey Mozgov,mozgoti01,2016,CLE,151,76,-8.550963248,-0.232316975,0,-0.232316975,0.04838709677419355,0.10626646667379107,-0.05787936989959752,0.05787936989959752
Randy Brown,brownra02,1998,CHI,126,71,-9.060436179,-0.234968305,-0.1,-0.234968305,0.03225806451612903,0.1059391424083183,-0.07368107789218926,0.07368107789218926
Jacque Vaughn,vaughja01,2007,SAS,390,208,-5.000981391,-0.24679032,0,-0.24679032,0.04838709677419355,0.10447963628260656,-0.05609253950841302,0.05609253950841302
Eric Moreland,moreler01,2019,TOR,66,28,-20.28823677,-0.256195373,0.1,-0.256195373,0.06451612903225806,0.1033185201390267,-0.03880239110676864,0.03880239110676864
Mark Landsberger,landsma01,1980,LAL,420,195,-5.55167526,-0.288934064,0.1,-0.288934064,0.06451612903225806,0.09927671169416487,-0.034760582661906805,0.034760582661906805
Jared Dudley,dudleja01,2020,LAL,71,31,-20.40569662,-0.293485591,-0.1,-0.293485591,0.03225806451612903,0.09871479551170001,-0.06645673099557098,0.06645673099557098
Rick Robey,robeyri01,1981,BOS,535,265,-5.021115207,-0.319737871,0.1,-0.319737871,0.06451612903225806,0.09547377750640232,-0.030957648474144256,0.030957648474144256
Wes Matthews,matthwe01,1987,LAL,129,61,-13.61333787,-0.353412716,-0.2,-0.353412716,0.016129032258064512,0.09131639464401442,-0.0751873623859499,0.0751873623859499
Mitch Kupchak,kupchmi01,1978,WSB,1090,504,-4.108438337,-0.360520148,0.5,-0.360520148,0.12903225806451613,0.09043893504494611,0.03859332301957001,0.03859332301957001
Stacey King,kingst01,1991,CHI,160,86,-11.34068035,-0.393685587,-0.2,-0.393685587,0.016129032258064512,0.08634444173036156,-0.07021540947229704,0.07021540947229704
Jim Chones,choneji01,1980,LAL,945,439,-4.463855793,-0.397054787,0.2,-0.397054787,0.08064516129032258,0.08592849165427487,-0.005283330363952288,0.005283330363952288
Mo Williams,willima01,2016,CLE,136,68,-13.91550006,-0.411070104,-0.3,-0.411070104,0,0.08419820785618364,-0.08419820785618364,0.08419820785618364
Charles Jones,jonesch01,1995,HOU,459,237,-6.038982652,-0.416571703,0.1,-0.416571703,0.06451612903225806,0.08351899898682341,-0.01900286995456535,0.01900286995456535
Spencer Haywood,haywosp01,1980,LAL,312,145,-8.566216092,-0.444031991,0,-0.444031991,0.04838709677419355,0.08012884438544556,-0.03174174761125201,0.03174174761125201
Shaun Livingston,livinsh01,2018,GSW,750,362,-5.26900545,-0.477355521,0.9,-0.477355521,0.1935483870967742,0.07601483368884787,0.11753355340792632,0.11753355340792632
JR Smith,smithjr01,2020,LAL,164,75,-16.6100126,-0.55283875,-0.2,-0.55283875,0.016129032258064512,0.06669592865328491,-0.0505668963952204,0.0505668963952204
Corliss Williamson,willico02,2004,DET,593,327,-6.318015974,-0.620366785,0.4,-0.620366785,0.1129032258064516,0.058359145055922254,0.05454408075052934,0.05454408075052934
Marco Belinelli,belinma01,2014,SAS,719,356,-8.56270123,-1.093076475,0.8,-1.093076475,0.1774193548387097,0,0.1774193548387097,0.1774193548387097
